Date,Series,Value,Series,Value
1/1/2017,Volume Intensity,0,Average Tone,0
1/2/2017,Volume Intensity,0.0002,Average Tone,-0.1075
1/3/2017,Volume Intensity,0.0007,Average Tone,0.5723
1/4/2017,Volume Intensity,0.0004,Average Tone,0.1528
1/5/2017,Volume Intensity,0.0002,Average Tone,-0.5166
1/6/2017,Volume Intensity,0.0005,Average Tone,-0.6713
1/7/2017,Volume Intensity,0.0002,Average Tone,-4.6239
1/8/2017,Volume Intensity,0.0002,Average Tone,-6.5147
1/9/2017,Volume Intensity,0,Average Tone,0
1/10/2017,Volume Intensity,0.0007,Average Tone,-1.0085
1/11/2017,Volume Intensity,0.0002,Average Tone,-1.2958
1/12/2017,Volume Intensity,0.0003,Average Tone,-0.1292
1/13/2017,Volume Intensity,0.0001,Average Tone,-1.7995
1/14/2017,Volume Intensity,0.0002,Average Tone,-1.5038
1/15/2017,Volume Intensity,0.0002,Average Tone,-1.8473
1/16/2017,Volume Intensity,0,Average Tone,0
1/17/2017,Volume Intensity,0.0002,Average Tone,1.5751
1/18/2017,Volume Intensity,0.0007,Average Tone,-2.948
1/19/2017,Volume Intensity,0.0003,Average Tone,-1.8563
1/20/2017,Volume Intensity,0.0001,Average Tone,-1.8145
1/21/2017,Volume Intensity,0.0004,Average Tone,-1.3661
1/22/2017,Volume Intensity,0.0002,Average Tone,-1.6774
1/23/2017,Volume Intensity,0.0002,Average Tone,-0.3407
1/24/2017,Volume Intensity,0.0003,Average Tone,-2.567
1/25/2017,Volume Intensity,0,Average Tone,0
1/26/2017,Volume Intensity,0,Average Tone,0
1/27/2017,Volume Intensity,0.0002,Average Tone,0.4957
1/28/2017,Volume Intensity,0.0002,Average Tone,-1.6143
1/29/2017,Volume Intensity,0.0004,Average Tone,-0.5065
1/30/2017,Volume Intensity,0.0004,Average Tone,-2.0444
1/31/2017,Volume Intensity,0.0005,Average Tone,-1.8496
2/1/2017,Volume Intensity,0,Average Tone,0
2/2/2017,Volume Intensity,0.0001,Average Tone,1.5738
2/3/2017,Volume Intensity,0.0001,Average Tone,-2.8432
2/4/2017,Volume Intensity,0.0002,Average Tone,-5.1471
2/5/2017,Volume Intensity,0.0004,Average Tone,-0.9486
2/6/2017,Volume Intensity,0.0004,Average Tone,-3.7393
2/7/2017,Volume Intensity,0.0002,Average Tone,-1.8295
2/8/2017,Volume Intensity,0.0001,Average Tone,2.716
2/9/2017,Volume Intensity,0.0002,Average Tone,-0.4518
2/10/2017,Volume Intensity,0.0006,Average Tone,-3.3712
2/11/2017,Volume Intensity,0.0002,Average Tone,-5.6928
2/12/2017,Volume Intensity,0.0002,Average Tone,-0.8715
2/13/2017,Volume Intensity,0,Average Tone,0
2/14/2017,Volume Intensity,0.0002,Average Tone,-2.3965
2/15/2017,Volume Intensity,0.0002,Average Tone,-4.195
2/16/2017,Volume Intensity,0.0001,Average Tone,0.652
2/17/2017,Volume Intensity,0,Average Tone,0
2/18/2017,Volume Intensity,0.0002,Average Tone,-6.0887
2/19/2017,Volume Intensity,0,Average Tone,0
2/20/2017,Volume Intensity,0.0001,Average Tone,-4.4302
2/21/2017,Volume Intensity,0,Average Tone,0
2/22/2017,Volume Intensity,0.0001,Average Tone,-2.2654
2/23/2017,Volume Intensity,0.0001,Average Tone,-1.7287
2/24/2017,Volume Intensity,0.001,Average Tone,-3.4671
2/25/2017,Volume Intensity,0.0007,Average Tone,-2.0351
2/26/2017,Volume Intensity,0.01,Average Tone,-4.414
2/27/2017,Volume Intensity,0.0005,Average Tone,-0.9155
2/28/2017,Volume Intensity,0.0001,Average Tone,1.5075
3/1/2017,Volume Intensity,0.0007,Average Tone,-2.1587
3/2/2017,Volume Intensity,0.0003,Average Tone,-2.621
3/3/2017,Volume Intensity,0.0002,Average Tone,-2.8971
3/4/2017,Volume Intensity,0.0002,Average Tone,-3.9683
3/5/2017,Volume Intensity,0.0002,Average Tone,1.519
3/6/2017,Volume Intensity,0.0002,Average Tone,-1.6779
3/7/2017,Volume Intensity,0,Average Tone,0
3/8/2017,Volume Intensity,0.0001,Average Tone,5.7709
3/9/2017,Volume Intensity,0,Average Tone,0
3/10/2017,Volume Intensity,0.0001,Average Tone,-2.7853
3/11/2017,Volume Intensity,0.0002,Average Tone,-1.9672
3/12/2017,Volume Intensity,0,Average Tone,0
3/13/2017,Volume Intensity,0.0001,Average Tone,-2.4025
3/14/2017,Volume Intensity,0.0005,Average Tone,2.3968
3/15/2017,Volume Intensity,0,Average Tone,0
3/16/2017,Volume Intensity,0.0004,Average Tone,-1.2227
3/17/2017,Volume Intensity,0.0001,Average Tone,-4.9638
3/18/2017,Volume Intensity,0,Average Tone,0
3/19/2017,Volume Intensity,0.0002,Average Tone,-0.8897
3/20/2017,Volume Intensity,0.0025,Average Tone,-1.4594
3/21/2017,Volume Intensity,0.0009,Average Tone,-2.966
3/22/2017,Volume Intensity,0,Average Tone,0
3/23/2017,Volume Intensity,0.0003,Average Tone,1.0169
3/24/2017,Volume Intensity,0,Average Tone,0
3/25/2017,Volume Intensity,0,Average Tone,0
3/26/2017,Volume Intensity,0.0009,Average Tone,-2.8827
3/27/2017,Volume Intensity,0.0007,Average Tone,-2.6059
3/28/2017,Volume Intensity,0.0002,Average Tone,0.2759
3/29/2017,Volume Intensity,0,Average Tone,0
3/30/2017,Volume Intensity,0.0002,Average Tone,-3.2248
3/31/2017,Volume Intensity,0.0007,Average Tone,3.1646
4/1/2017,Volume Intensity,0.0002,Average Tone,2.3622
4/2/2017,Volume Intensity,0,Average Tone,0
4/3/2017,Volume Intensity,0.0001,Average Tone,-5.9166
4/4/2017,Volume Intensity,0.0004,Average Tone,-1.7864
4/5/2017,Volume Intensity,0.0005,Average Tone,-1.5102
4/6/2017,Volume Intensity,0,Average Tone,0
4/7/2017,Volume Intensity,0.0001,Average Tone,-5.6534
4/8/2017,Volume Intensity,0,Average Tone,0
4/9/2017,Volume Intensity,0.0002,Average Tone,-1.8474
4/10/2017,Volume Intensity,0.0001,Average Tone,-4.0998
4/11/2017,Volume Intensity,0.0002,Average Tone,0.9251
4/12/2017,Volume Intensity,0.0002,Average Tone,-0.1366
4/13/2017,Volume Intensity,0.0002,Average Tone,-2.4395
4/14/2017,Volume Intensity,0.0002,Average Tone,2.3873
4/15/2017,Volume Intensity,0,Average Tone,0
4/16/2017,Volume Intensity,0.0007,Average Tone,1.762
4/17/2017,Volume Intensity,0.0002,Average Tone,-1.5267
4/18/2017,Volume Intensity,0,Average Tone,0
4/19/2017,Volume Intensity,0.0056,Average Tone,-2.7398
4/20/2017,Volume Intensity,0.0006,Average Tone,-2.5983
4/21/2017,Volume Intensity,0,Average Tone,0
4/22/2017,Volume Intensity,0,Average Tone,0
4/23/2017,Volume Intensity,0.0007,Average Tone,-3.0391
4/24/2017,Volume Intensity,0,Average Tone,0
4/25/2017,Volume Intensity,0,Average Tone,0
4/26/2017,Volume Intensity,0,Average Tone,0
4/27/2017,Volume Intensity,0.0002,Average Tone,-0.0113
4/28/2017,Volume Intensity,0.0003,Average Tone,-1.7131
4/29/2017,Volume Intensity,0,Average Tone,0
4/30/2017,Volume Intensity,0.0009,Average Tone,-2.1819
5/1/2017,Volume Intensity,0.0008,Average Tone,-2.3882
5/2/2017,Volume Intensity,0.0004,Average Tone,-1.9578
5/3/2017,Volume Intensity,0.0012,Average Tone,-5.0333
5/4/2017,Volume Intensity,0.0004,Average Tone,-2.9905
5/5/2017,Volume Intensity,0,Average Tone,0
5/6/2017,Volume Intensity,0,Average Tone,0
5/7/2017,Volume Intensity,0.0007,Average Tone,-1.5872
5/8/2017,Volume Intensity,0.0001,Average Tone,-1.995
5/9/2017,Volume Intensity,0.0007,Average Tone,-2.509
5/10/2017,Volume Intensity,0.0005,Average Tone,-2.3826
5/11/2017,Volume Intensity,0.0011,Average Tone,-1.3668
5/12/2017,Volume Intensity,0.0006,Average Tone,-1.8478
5/13/2017,Volume Intensity,0.0004,Average Tone,-0.5149
5/14/2017,Volume Intensity,0.0002,Average Tone,-4.4866
5/15/2017,Volume Intensity,0.0006,Average Tone,0.0364
5/16/2017,Volume Intensity,0.0001,Average Tone,-1.3369
5/17/2017,Volume Intensity,0.0001,Average Tone,-1.145
5/18/2017,Volume Intensity,0.0004,Average Tone,-3.8747
5/19/2017,Volume Intensity,0.0005,Average Tone,-1.867
5/20/2017,Volume Intensity,0.0004,Average Tone,-0.9864
5/21/2017,Volume Intensity,0.0005,Average Tone,-0.7173
5/22/2017,Volume Intensity,0.0004,Average Tone,-0.1896
5/23/2017,Volume Intensity,0,Average Tone,0
5/24/2017,Volume Intensity,0,Average Tone,0
5/25/2017,Volume Intensity,0.0003,Average Tone,-0.509
5/26/2017,Volume Intensity,0.0003,Average Tone,-4.7449
5/27/2017,Volume Intensity,0,Average Tone,0
5/28/2017,Volume Intensity,0.0002,Average Tone,-3.0637
5/29/2017,Volume Intensity,0.0002,Average Tone,-6.105
5/30/2017,Volume Intensity,0.0002,Average Tone,-7.3834
5/31/2017,Volume Intensity,0.0005,Average Tone,-4.8966
6/1/2017,Volume Intensity,0.0007,Average Tone,-5.6885
6/2/2017,Volume Intensity,0.0001,Average Tone,-4.295
6/3/2017,Volume Intensity,0,Average Tone,0
6/4/2017,Volume Intensity,0.0007,Average Tone,-3.3805
6/5/2017,Volume Intensity,0.0006,Average Tone,-5.9989
6/6/2017,Volume Intensity,0.0003,Average Tone,-2.103
6/7/2017,Volume Intensity,0.0001,Average Tone,-2.6578
6/8/2017,Volume Intensity,0.0001,Average Tone,-4.2918
6/9/2017,Volume Intensity,0.0003,Average Tone,-4.6798
6/10/2017,Volume Intensity,0,Average Tone,0
6/11/2017,Volume Intensity,0,Average Tone,0
6/12/2017,Volume Intensity,0.0004,Average Tone,-0.8591
6/13/2017,Volume Intensity,0.0027,Average Tone,-1.3678
6/14/2017,Volume Intensity,0.0001,Average Tone,0.4702
6/15/2017,Volume Intensity,0,Average Tone,0
6/16/2017,Volume Intensity,0,Average Tone,0
6/17/2017,Volume Intensity,0.0005,Average Tone,-1.3377
6/18/2017,Volume Intensity,0.0005,Average Tone,2.6094
6/19/2017,Volume Intensity,0.0001,Average Tone,-2.6971
6/20/2017,Volume Intensity,0,Average Tone,0
6/21/2017,Volume Intensity,0.0001,Average Tone,-5.9289
6/22/2017,Volume Intensity,0.0006,Average Tone,-2.643
6/23/2017,Volume Intensity,0.0002,Average Tone,1.6461
6/24/2017,Volume Intensity,0,Average Tone,0
6/25/2017,Volume Intensity,0,Average Tone,0
6/26/2017,Volume Intensity,0,Average Tone,0
6/27/2017,Volume Intensity,0,Average Tone,0
6/28/2017,Volume Intensity,0,Average Tone,0
6/29/2017,Volume Intensity,0,Average Tone,0
6/30/2017,Volume Intensity,0,Average Tone,0
7/1/2017,Volume Intensity,0.0003,Average Tone,3.652
7/2/2017,Volume Intensity,0.0003,Average Tone,0.2433
7/3/2017,Volume Intensity,0.0002,Average Tone,0.5376
7/4/2017,Volume Intensity,0.0002,Average Tone,-0.3263
7/5/2017,Volume Intensity,0.0023,Average Tone,-2.4148
7/6/2017,Volume Intensity,0.0003,Average Tone,-0.9061
7/7/2017,Volume Intensity,0,Average Tone,0
7/8/2017,Volume Intensity,0.0005,Average Tone,-1.7683
7/9/2017,Volume Intensity,0.0003,Average Tone,-6.9063
7/10/2017,Volume Intensity,0.0004,Average Tone,-0.4124
7/11/2017,Volume Intensity,0.0003,Average Tone,1.8737
7/12/2017,Volume Intensity,0.0002,Average Tone,-0.2946
7/13/2017,Volume Intensity,0,Average Tone,0
7/14/2017,Volume Intensity,0.0004,Average Tone,-0.5525
7/15/2017,Volume Intensity,0,Average Tone,0
7/16/2017,Volume Intensity,0,Average Tone,0
7/17/2017,Volume Intensity,0,Average Tone,0
7/18/2017,Volume Intensity,0.0002,Average Tone,1.2085
7/19/2017,Volume Intensity,0.0002,Average Tone,-3.4762
7/20/2017,Volume Intensity,0.0003,Average Tone,0.3443
7/21/2017,Volume Intensity,0.0004,Average Tone,-3.5233
7/22/2017,Volume Intensity,0,Average Tone,0
7/23/2017,Volume Intensity,0,Average Tone,0
7/24/2017,Volume Intensity,0,Average Tone,0
7/25/2017,Volume Intensity,0.0002,Average Tone,-4.5487
7/26/2017,Volume Intensity,0,Average Tone,0
7/27/2017,Volume Intensity,0.0011,Average Tone,-2.9275
7/28/2017,Volume Intensity,0.0013,Average Tone,-2.8369
7/29/2017,Volume Intensity,0,Average Tone,0
7/30/2017,Volume Intensity,0.0003,Average Tone,-0.2987
7/31/2017,Volume Intensity,0.0006,Average Tone,-2.8961
8/1/2017,Volume Intensity,0.0002,Average Tone,-1.727
8/2/2017,Volume Intensity,0.0004,Average Tone,-2.2444
8/3/2017,Volume Intensity,0.0003,Average Tone,-2.5272
8/4/2017,Volume Intensity,0.0003,Average Tone,-0.7208
8/5/2017,Volume Intensity,0,Average Tone,0
8/6/2017,Volume Intensity,0,Average Tone,0
8/7/2017,Volume Intensity,0.0002,Average Tone,0.6734
8/8/2017,Volume Intensity,0.0008,Average Tone,-3.4162
8/9/2017,Volume Intensity,0,Average Tone,0
8/10/2017,Volume Intensity,0,Average Tone,0
8/11/2017,Volume Intensity,0.0002,Average Tone,-4.9894
8/12/2017,Volume Intensity,0.0005,Average Tone,-4.4146
8/13/2017,Volume Intensity,0,Average Tone,0
8/14/2017,Volume Intensity,0.0004,Average Tone,-3.21
8/15/2017,Volume Intensity,0.0005,Average Tone,-5.8079
8/16/2017,Volume Intensity,0,Average Tone,0
8/17/2017,Volume Intensity,0.0003,Average Tone,-2.2828
8/18/2017,Volume Intensity,0.0002,Average Tone,-3.8424
8/19/2017,Volume Intensity,0.0007,Average Tone,-2.064
8/20/2017,Volume Intensity,0.0008,Average Tone,-1.0429
8/21/2017,Volume Intensity,0,Average Tone,0
8/22/2017,Volume Intensity,0.0005,Average Tone,-3.2524
8/23/2017,Volume Intensity,0.0002,Average Tone,-4.4168
8/24/2017,Volume Intensity,0.0004,Average Tone,-1.6789
8/25/2017,Volume Intensity,0,Average Tone,0
8/26/2017,Volume Intensity,0,Average Tone,0
8/27/2017,Volume Intensity,0,Average Tone,0
8/28/2017,Volume Intensity,0.0005,Average Tone,-3.0403
8/29/2017,Volume Intensity,0,Average Tone,0
8/30/2017,Volume Intensity,0.0001,Average Tone,2.7875
8/31/2017,Volume Intensity,0.0003,Average Tone,2.6057
9/1/2017,Volume Intensity,0,Average Tone,0
9/2/2017,Volume Intensity,0,Average Tone,0
9/3/2017,Volume Intensity,0.0005,Average Tone,-3.2706
9/4/2017,Volume Intensity,0,Average Tone,0
9/5/2017,Volume Intensity,0,Average Tone,0
9/6/2017,Volume Intensity,0.0001,Average Tone,-6.7861
9/7/2017,Volume Intensity,0.0001,Average Tone,-1.8566
9/8/2017,Volume Intensity,0,Average Tone,0
9/9/2017,Volume Intensity,0.0002,Average Tone,-0.8867
9/10/2017,Volume Intensity,0,Average Tone,0
9/11/2017,Volume Intensity,0.0002,Average Tone,-0.4518
9/12/2017,Volume Intensity,0.0009,Average Tone,-0.1866
9/13/2017,Volume Intensity,0.0019,Average Tone,-1.0241
9/14/2017,Volume Intensity,0.0009,Average Tone,-0.7218
9/15/2017,Volume Intensity,0.0002,Average Tone,-1.7102
9/16/2017,Volume Intensity,0,Average Tone,0
9/17/2017,Volume Intensity,0,Average Tone,0
9/18/2017,Volume Intensity,0.0002,Average Tone,-6.288
9/19/2017,Volume Intensity,0,Average Tone,0
9/20/2017,Volume Intensity,0.0003,Average Tone,2.5416
9/21/2017,Volume Intensity,0,Average Tone,0
9/22/2017,Volume Intensity,0.0003,Average Tone,-1.107
9/23/2017,Volume Intensity,0.0009,Average Tone,-3.1425
9/24/2017,Volume Intensity,0,Average Tone,0
9/25/2017,Volume Intensity,0.0002,Average Tone,2.6217
9/26/2017,Volume Intensity,0.0002,Average Tone,-3.8259
9/27/2017,Volume Intensity,0,Average Tone,0
9/28/2017,Volume Intensity,0.0003,Average Tone,-7.369
9/29/2017,Volume Intensity,0,Average Tone,0
9/30/2017,Volume Intensity,0,Average Tone,0
10/1/2017,Volume Intensity,0,Average Tone,0
10/2/2017,Volume Intensity,0.0002,Average Tone,-7.3718
10/3/2017,Volume Intensity,0.0009,Average Tone,-1.7151
10/4/2017,Volume Intensity,0.0005,Average Tone,-0.5941
10/5/2017,Volume Intensity,0.0002,Average Tone,-0.0564
10/6/2017,Volume Intensity,0.0002,Average Tone,4.8673
10/7/2017,Volume Intensity,0.0002,Average Tone,-2.974
10/8/2017,Volume Intensity,0.0003,Average Tone,-1.5469
10/9/2017,Volume Intensity,0.0003,Average Tone,-1.9778
10/10/2017,Volume Intensity,0.0002,Average Tone,-3.1281
10/11/2017,Volume Intensity,0.0004,Average Tone,-3.1675
10/12/2017,Volume Intensity,0.0003,Average Tone,-5.3317
10/13/2017,Volume Intensity,0.0002,Average Tone,-4.1801
10/14/2017,Volume Intensity,0.0002,Average Tone,-1.0228
10/15/2017,Volume Intensity,0.0012,Average Tone,-4.1778
10/16/2017,Volume Intensity,0.001,Average Tone,-4.1778
10/17/2017,Volume Intensity,0.0001,Average Tone,-1.31
10/18/2017,Volume Intensity,0,Average Tone,0
10/19/2017,Volume Intensity,0.0003,Average Tone,-1.3416
10/20/2017,Volume Intensity,0.0001,Average Tone,2.9358
10/21/2017,Volume Intensity,0,Average Tone,0
10/22/2017,Volume Intensity,0.0005,Average Tone,-1.1425
10/23/2017,Volume Intensity,0.0003,Average Tone,-1.9791
10/24/2017,Volume Intensity,0.0003,Average Tone,-0.3813
10/25/2017,Volume Intensity,0.0007,Average Tone,2.0229
10/26/2017,Volume Intensity,0.0011,Average Tone,-1.4382
10/27/2017,Volume Intensity,0.0005,Average Tone,0.6648
10/28/2017,Volume Intensity,0.0005,Average Tone,-3.0047
10/29/2017,Volume Intensity,0.0002,Average Tone,0.767
10/30/2017,Volume Intensity,0.0002,Average Tone,0.6548
10/31/2017,Volume Intensity,0.0025,Average Tone,-4.0023
11/1/2017,Volume Intensity,0.0001,Average Tone,2.8499
11/2/2017,Volume Intensity,0,Average Tone,0
11/3/2017,Volume Intensity,0.0013,Average Tone,-1.1912
11/4/2017,Volume Intensity,0.0005,Average Tone,-2.6137
11/5/2017,Volume Intensity,0.0005,Average Tone,-0.9406
11/6/2017,Volume Intensity,0,Average Tone,0
11/7/2017,Volume Intensity,0.0001,Average Tone,-0.1194
11/8/2017,Volume Intensity,0,Average Tone,0
11/9/2017,Volume Intensity,0.0003,Average Tone,-1.2787
11/10/2017,Volume Intensity,0.0003,Average Tone,-3.8441
11/11/2017,Volume Intensity,0.0007,Average Tone,-1.1981
11/12/2017,Volume Intensity,0.0002,Average Tone,-5.8863
11/13/2017,Volume Intensity,0.0004,Average Tone,-1.0329
11/14/2017,Volume Intensity,0.0001,Average Tone,-1.484
11/15/2017,Volume Intensity,0.0003,Average Tone,-1.0834
11/16/2017,Volume Intensity,0,Average Tone,0
11/17/2017,Volume Intensity,0.0003,Average Tone,-0.8757
11/18/2017,Volume Intensity,0.0002,Average Tone,-1.4977
11/19/2017,Volume Intensity,0.0003,Average Tone,-0.3674
11/20/2017,Volume Intensity,0.0022,Average Tone,-0.6298
11/21/2017,Volume Intensity,0.0001,Average Tone,-1.7167
11/22/2017,Volume Intensity,0,Average Tone,0
11/23/2017,Volume Intensity,0.0002,Average Tone,-1.6103
11/24/2017,Volume Intensity,0,Average Tone,0
11/25/2017,Volume Intensity,0,Average Tone,0
11/26/2017,Volume Intensity,0,Average Tone,0
11/27/2017,Volume Intensity,0.0002,Average Tone,-4.3036
11/28/2017,Volume Intensity,0.0003,Average Tone,0.9178
11/29/2017,Volume Intensity,0.0004,Average Tone,0.9705
11/30/2017,Volume Intensity,0.0004,Average Tone,-1.0142
12/3/2017,Volume Intensity,0.0003,Average Tone,-3.3582
12/4/2017,Volume Intensity,0.0002,Average Tone,1.1617
12/5/2017,Volume Intensity,0,Average Tone,0
12/6/2017,Volume Intensity,0.0003,Average Tone,-1.6934
12/7/2017,Volume Intensity,0,Average Tone,0
12/8/2017,Volume Intensity,0.0005,Average Tone,1.9253
12/9/2017,Volume Intensity,0.0003,Average Tone,1.8495
12/10/2017,Volume Intensity,0,Average Tone,0
12/11/2017,Volume Intensity,0.0002,Average Tone,-9.482
12/12/2017,Volume Intensity,0,Average Tone,0
12/13/2017,Volume Intensity,0,Average Tone,0
12/14/2017,Volume Intensity,0.0001,Average Tone,-4.662
12/15/2017,Volume Intensity,0.0002,Average Tone,-0.6374
12/16/2017,Volume Intensity,0.0003,Average Tone,-2.7273
12/17/2017,Volume Intensity,0.0006,Average Tone,0.0339
12/18/2017,Volume Intensity,0,Average Tone,0
12/19/2017,Volume Intensity,0.0003,Average Tone,-4.3481
12/20/2017,Volume Intensity,0,Average Tone,0
12/21/2017,Volume Intensity,0,Average Tone,0
12/22/2017,Volume Intensity,0.0003,Average Tone,-0.9305
12/23/2017,Volume Intensity,0.0005,Average Tone,-4.6042
12/24/2017,Volume Intensity,0.0006,Average Tone,-2.6796
12/25/2017,Volume Intensity,0,Average Tone,0
12/26/2017,Volume Intensity,0,Average Tone,0
12/27/2017,Volume Intensity,0,Average Tone,0
12/28/2017,Volume Intensity,0.0002,Average Tone,3.937
12/29/2017,Volume Intensity,0.0004,Average Tone,-4.6738
12/30/2017,Volume Intensity,0,Average Tone,0
12/31/2017,Volume Intensity,0,Average Tone,0
1/1/2018,Volume Intensity,0,Average Tone,0
1/2/2018,Volume Intensity,0.0002,Average Tone,-2.1925
1/3/2018,Volume Intensity,0,Average Tone,0
1/4/2018,Volume Intensity,0.0003,Average Tone,-1.4482
1/5/2018,Volume Intensity,0.0002,Average Tone,-1.4903
1/6/2018,Volume Intensity,0,Average Tone,0
1/7/2018,Volume Intensity,0.0006,Average Tone,-4.1667
1/8/2018,Volume Intensity,0.0002,Average Tone,-1.4925
1/9/2018,Volume Intensity,0.0003,Average Tone,-4.5154
1/10/2018,Volume Intensity,0.0003,Average Tone,0.8932
1/11/2018,Volume Intensity,0.0003,Average Tone,-2.6119
1/12/2018,Volume Intensity,0.0003,Average Tone,-4.0035
1/13/2018,Volume Intensity,0,Average Tone,0
1/14/2018,Volume Intensity,0,Average Tone,0
1/15/2018,Volume Intensity,0.0004,Average Tone,-1.4815
1/16/2018,Volume Intensity,0,Average Tone,0
1/17/2018,Volume Intensity,0.0003,Average Tone,-3.6605
1/18/2018,Volume Intensity,0.0002,Average Tone,-5.3779
1/19/2018,Volume Intensity,0.0003,Average Tone,2.3843
1/20/2018,Volume Intensity,0.0003,Average Tone,1.4925
1/21/2018,Volume Intensity,0,Average Tone,0
1/22/2018,Volume Intensity,0.0002,Average Tone,2.0328
1/23/2018,Volume Intensity,0.0002,Average Tone,-6.1385
1/24/2018,Volume Intensity,0,Average Tone,0
1/25/2018,Volume Intensity,0,Average Tone,0
1/26/2018,Volume Intensity,0,Average Tone,0
1/27/2018,Volume Intensity,0.0005,Average Tone,-6.8063
1/28/2018,Volume Intensity,0.0008,Average Tone,-1.9959
1/29/2018,Volume Intensity,0.0002,Average Tone,0.5488
1/30/2018,Volume Intensity,0.0002,Average Tone,0.5319
1/31/2018,Volume Intensity,0.0002,Average Tone,2.2613
2/1/2018,Volume Intensity,0.0002,Average Tone,-4.902
2/2/2018,Volume Intensity,0.0005,Average Tone,-2.5112
2/3/2018,Volume Intensity,0,Average Tone,0
2/4/2018,Volume Intensity,0.0003,Average Tone,0.1757
2/5/2018,Volume Intensity,0,Average Tone,0
2/6/2018,Volume Intensity,0.0004,Average Tone,-0.1722
2/7/2018,Volume Intensity,0,Average Tone,0
2/8/2018,Volume Intensity,0,Average Tone,0
2/9/2018,Volume Intensity,0.0002,Average Tone,-2.9487
2/10/2018,Volume Intensity,0,Average Tone,0
2/11/2018,Volume Intensity,0,Average Tone,0
2/12/2018,Volume Intensity,0.0006,Average Tone,-0.3163
2/13/2018,Volume Intensity,0.0004,Average Tone,0.2573
2/14/2018,Volume Intensity,0.0003,Average Tone,-0.157
2/15/2018,Volume Intensity,0.0002,Average Tone,-0.53
2/16/2018,Volume Intensity,0.0002,Average Tone,-2.6782
2/17/2018,Volume Intensity,0.0002,Average Tone,0.5359
2/18/2018,Volume Intensity,0.0003,Average Tone,1.6834
2/19/2018,Volume Intensity,0.0002,Average Tone,3.7849
2/20/2018,Volume Intensity,0.0003,Average Tone,-2.6495
2/21/2018,Volume Intensity,0.0002,Average Tone,0.6742
2/22/2018,Volume Intensity,0.0002,Average Tone,1.9288
2/23/2018,Volume Intensity,0.0002,Average Tone,0.5875
2/24/2018,Volume Intensity,0.0004,Average Tone,0.8087
2/25/2018,Volume Intensity,0.0003,Average Tone,0.6993
2/26/2018,Volume Intensity,0,Average Tone,0
2/27/2018,Volume Intensity,0,Average Tone,0
2/28/2018,Volume Intensity,0.0003,Average Tone,1.0702
3/1/2018,Volume Intensity,0.0003,Average Tone,-2.1545
3/2/2018,Volume Intensity,0.0002,Average Tone,-1.6949
3/3/2018,Volume Intensity,0.0008,Average Tone,-0.1521
3/4/2018,Volume Intensity,0,Average Tone,0
3/5/2018,Volume Intensity,0,Average Tone,0
3/6/2018,Volume Intensity,0,Average Tone,0
3/7/2018,Volume Intensity,0.0001,Average Tone,-1.9685
3/8/2018,Volume Intensity,0.0002,Average Tone,-1.3731
3/9/2018,Volume Intensity,0.0003,Average Tone,-0.4665
3/10/2018,Volume Intensity,0,Average Tone,0
3/11/2018,Volume Intensity,0.0003,Average Tone,-2.6596
3/12/2018,Volume Intensity,0.0002,Average Tone,1.5023
3/13/2018,Volume Intensity,0.0002,Average Tone,-2.332
3/14/2018,Volume Intensity,0,Average Tone,0
3/15/2018,Volume Intensity,0.0005,Average Tone,-0.1177
3/16/2018,Volume Intensity,0,Average Tone,0
3/17/2018,Volume Intensity,0,Average Tone,0
3/18/2018,Volume Intensity,0,Average Tone,0
3/19/2018,Volume Intensity,0,Average Tone,0
3/20/2018,Volume Intensity,0.0003,Average Tone,-0.9149
3/21/2018,Volume Intensity,0.0003,Average Tone,1.1039
3/22/2018,Volume Intensity,0.0002,Average Tone,-1.6273
3/23/2018,Volume Intensity,0.0005,Average Tone,1.9728
3/24/2018,Volume Intensity,0.0003,Average Tone,-2.6882
3/25/2018,Volume Intensity,0.0003,Average Tone,-2.3443
3/26/2018,Volume Intensity,0,Average Tone,0
3/27/2018,Volume Intensity,0.0002,Average Tone,1.1628
3/28/2018,Volume Intensity,0.0006,Average Tone,-2.4467
3/29/2018,Volume Intensity,0.0003,Average Tone,-0.9144
3/30/2018,Volume Intensity,0,Average Tone,0
3/31/2018,Volume Intensity,0,Average Tone,0
4/1/2018,Volume Intensity,0,Average Tone,0
4/2/2018,Volume Intensity,0,Average Tone,0
4/3/2018,Volume Intensity,0.0005,Average Tone,-1.0947
4/4/2018,Volume Intensity,0.0004,Average Tone,-0.5116
4/5/2018,Volume Intensity,0.0002,Average Tone,6.5104
4/6/2018,Volume Intensity,0,Average Tone,0
4/7/2018,Volume Intensity,0,Average Tone,0
4/8/2018,Volume Intensity,0,Average Tone,0
4/9/2018,Volume Intensity,0.0006,Average Tone,0.8041
4/10/2018,Volume Intensity,0.0004,Average Tone,-0.4901
4/11/2018,Volume Intensity,0.0003,Average Tone,-2.5295
4/12/2018,Volume Intensity,0.0001,Average Tone,-2.8538
4/13/2018,Volume Intensity,0.0003,Average Tone,-0.5683
4/14/2018,Volume Intensity,0.0002,Average Tone,-3.9359
4/15/2018,Volume Intensity,0.0003,Average Tone,-5.2459
4/16/2018,Volume Intensity,0.0012,Average Tone,-3.4693
4/17/2018,Volume Intensity,0.0009,Average Tone,-1.7123
4/18/2018,Volume Intensity,0.0006,Average Tone,-0.4099
4/19/2018,Volume Intensity,0.0003,Average Tone,-3.1675
4/20/2018,Volume Intensity,0,Average Tone,0
4/21/2018,Volume Intensity,0,Average Tone,0
4/22/2018,Volume Intensity,0,Average Tone,0
4/23/2018,Volume Intensity,0.0002,Average Tone,-2.2329
4/24/2018,Volume Intensity,0,Average Tone,0
4/25/2018,Volume Intensity,0.0005,Average Tone,-0.6057
4/26/2018,Volume Intensity,0,Average Tone,0
4/27/2018,Volume Intensity,0,Average Tone,0
4/28/2018,Volume Intensity,0.0002,Average Tone,-2.4497
4/29/2018,Volume Intensity,0,Average Tone,0
4/30/2018,Volume Intensity,0,Average Tone,0
5/1/2018,Volume Intensity,0.0015,Average Tone,-1.39
5/2/2018,Volume Intensity,0.0003,Average Tone,0.0703
5/3/2018,Volume Intensity,0.0002,Average Tone,1.9316
5/4/2018,Volume Intensity,0.0002,Average Tone,4.5614
5/5/2018,Volume Intensity,0.0002,Average Tone,-1.0451
5/6/2018,Volume Intensity,0.0003,Average Tone,1.9517
5/7/2018,Volume Intensity,0.0003,Average Tone,1.9814
5/8/2018,Volume Intensity,0,Average Tone,0
5/9/2018,Volume Intensity,0.0005,Average Tone,-1.3017
5/10/2018,Volume Intensity,0.0003,Average Tone,-0.0247
5/11/2018,Volume Intensity,0.0003,Average Tone,-4.8453
5/12/2018,Volume Intensity,0,Average Tone,0
5/13/2018,Volume Intensity,0,Average Tone,0
5/14/2018,Volume Intensity,0.0002,Average Tone,-0.0666
5/15/2018,Volume Intensity,0.0003,Average Tone,-1.2173
5/16/2018,Volume Intensity,0.0001,Average Tone,-0.6211
5/17/2018,Volume Intensity,0.0005,Average Tone,0.1903
5/18/2018,Volume Intensity,0.0002,Average Tone,5.8296
5/19/2018,Volume Intensity,0,Average Tone,0
5/20/2018,Volume Intensity,0,Average Tone,0
5/21/2018,Volume Intensity,0.0004,Average Tone,1.3641
5/22/2018,Volume Intensity,0.0002,Average Tone,1.8605
5/23/2018,Volume Intensity,0.0002,Average Tone,-1.0858
5/24/2018,Volume Intensity,0.0006,Average Tone,-1.3496
5/25/2018,Volume Intensity,0.0003,Average Tone,-2.3563
5/26/2018,Volume Intensity,0,Average Tone,0
5/27/2018,Volume Intensity,0,Average Tone,0
5/28/2018,Volume Intensity,0,Average Tone,0
5/29/2018,Volume Intensity,0.0003,Average Tone,-2.6476
5/30/2018,Volume Intensity,0.0002,Average Tone,-3.2668
5/31/2018,Volume Intensity,0.0003,Average Tone,-0.7094
6/1/2018,Volume Intensity,0,Average Tone,0
6/2/2018,Volume Intensity,0.0003,Average Tone,-4.582
6/3/2018,Volume Intensity,0,Average Tone,0
6/4/2018,Volume Intensity,0,Average Tone,0
6/5/2018,Volume Intensity,0,Average Tone,0
6/6/2018,Volume Intensity,0.0005,Average Tone,-2.6633
6/7/2018,Volume Intensity,0.0011,Average Tone,-4.493
6/8/2018,Volume Intensity,0,Average Tone,0
6/9/2018,Volume Intensity,0,Average Tone,0
6/10/2018,Volume Intensity,0,Average Tone,0
6/11/2018,Volume Intensity,0,Average Tone,0
6/12/2018,Volume Intensity,0.0001,Average Tone,5.8296
6/13/2018,Volume Intensity,0.0002,Average Tone,3.1308
6/14/2018,Volume Intensity,0.0003,Average Tone,-1.0938
6/15/2018,Volume Intensity,0.0002,Average Tone,0.5019
6/16/2018,Volume Intensity,0,Average Tone,0
6/17/2018,Volume Intensity,0,Average Tone,0
6/18/2018,Volume Intensity,0,Average Tone,0
6/19/2018,Volume Intensity,0.0002,Average Tone,-4.1071
6/20/2018,Volume Intensity,0,Average Tone,0
6/21/2018,Volume Intensity,0,Average Tone,0
6/22/2018,Volume Intensity,0,Average Tone,0
6/23/2018,Volume Intensity,0,Average Tone,0
6/24/2018,Volume Intensity,0,Average Tone,0
6/25/2018,Volume Intensity,0,Average Tone,0
6/26/2018,Volume Intensity,0,Average Tone,0
6/27/2018,Volume Intensity,0,Average Tone,0
6/28/2018,Volume Intensity,0.0002,Average Tone,2.155
6/29/2018,Volume Intensity,0,Average Tone,0
6/30/2018,Volume Intensity,0,Average Tone,0
7/1/2018,Volume Intensity,0,Average Tone,0
7/2/2018,Volume Intensity,0,Average Tone,0
7/3/2018,Volume Intensity,0,Average Tone,0
7/4/2018,Volume Intensity,0,Average Tone,0
7/5/2018,Volume Intensity,0.0003,Average Tone,0.0636
7/6/2018,Volume Intensity,0,Average Tone,0
7/7/2018,Volume Intensity,0,Average Tone,0
7/8/2018,Volume Intensity,0,Average Tone,0
7/9/2018,Volume Intensity,0,Average Tone,0
7/10/2018,Volume Intensity,0,Average Tone,0
7/11/2018,Volume Intensity,0,Average Tone,0
7/12/2018,Volume Intensity,0,Average Tone,0
7/13/2018,Volume Intensity,0.0002,Average Tone,3.2955
7/14/2018,Volume Intensity,0,Average Tone,0
7/15/2018,Volume Intensity,0,Average Tone,0
7/16/2018,Volume Intensity,0.0002,Average Tone,-7.3333
7/17/2018,Volume Intensity,0.0002,Average Tone,-0.6645
7/18/2018,Volume Intensity,0.0005,Average Tone,-3.0094
7/19/2018,Volume Intensity,0,Average Tone,0
7/20/2018,Volume Intensity,0,Average Tone,0
7/21/2018,Volume Intensity,0.0005,Average Tone,-1.8698
7/22/2018,Volume Intensity,0,Average Tone,0
7/23/2018,Volume Intensity,0,Average Tone,0
7/24/2018,Volume Intensity,0.0002,Average Tone,0
7/25/2018,Volume Intensity,0,Average Tone,0
7/26/2018,Volume Intensity,0,Average Tone,0
7/27/2018,Volume Intensity,0.0003,Average Tone,0.0603
7/28/2018,Volume Intensity,0.0003,Average Tone,-4.154
7/29/2018,Volume Intensity,0,Average Tone,0
7/30/2018,Volume Intensity,0.0002,Average Tone,-6.875
7/31/2018,Volume Intensity,0,Average Tone,0
8/1/2018,Volume Intensity,0.0002,Average Tone,-0.663
8/2/2018,Volume Intensity,0.001,Average Tone,0.5996
8/3/2018,Volume Intensity,0.0002,Average Tone,3.211
8/4/2018,Volume Intensity,0.0003,Average Tone,2.2436
8/5/2018,Volume Intensity,0,Average Tone,0
8/6/2018,Volume Intensity,0.0002,Average Tone,0.6211
8/7/2018,Volume Intensity,0.0002,Average Tone,-5.1565
8/8/2018,Volume Intensity,0.0003,Average Tone,-2.743
8/9/2018,Volume Intensity,0.0003,Average Tone,-0.9175
8/10/2018,Volume Intensity,0.0002,Average Tone,-0.5017
8/11/2018,Volume Intensity,0,Average Tone,0
8/12/2018,Volume Intensity,0,Average Tone,0
8/13/2018,Volume Intensity,0,Average Tone,0
8/14/2018,Volume Intensity,0.0003,Average Tone,-3.7067
8/15/2018,Volume Intensity,0,Average Tone,0
8/16/2018,Volume Intensity,0.0002,Average Tone,-1.2882
8/17/2018,Volume Intensity,0.0005,Average Tone,-2.0619
8/18/2018,Volume Intensity,0,Average Tone,0
8/19/2018,Volume Intensity,0.0003,Average Tone,-1.5366
8/20/2018,Volume Intensity,0.0006,Average Tone,-0.6957
8/21/2018,Volume Intensity,0.0004,Average Tone,1.4554
8/22/2018,Volume Intensity,0,Average Tone,0
8/23/2018,Volume Intensity,0.0002,Average Tone,-1.3283
8/24/2018,Volume Intensity,0.0002,Average Tone,-1.0029
8/25/2018,Volume Intensity,0.0006,Average Tone,0.8128
8/26/2018,Volume Intensity,0,Average Tone,0
8/27/2018,Volume Intensity,0.0004,Average Tone,2.4458
8/28/2018,Volume Intensity,0,Average Tone,0
8/29/2018,Volume Intensity,0.0003,Average Tone,1.8274
8/30/2018,Volume Intensity,0.0002,Average Tone,1.3889
8/31/2018,Volume Intensity,0.0002,Average Tone,1.3333
9/1/2018,Volume Intensity,0.0003,Average Tone,-6.3262
9/2/2018,Volume Intensity,0,Average Tone,0
9/3/2018,Volume Intensity,0.0008,Average Tone,-2.4593
9/4/2018,Volume Intensity,0.0002,Average Tone,-2.9561
9/5/2018,Volume Intensity,0.0003,Average Tone,-0.4837
9/6/2018,Volume Intensity,0.0005,Average Tone,-1.1919
9/7/2018,Volume Intensity,0.0007,Average Tone,-1.0742
9/8/2018,Volume Intensity,0.0008,Average Tone,-0.7619
9/9/2018,Volume Intensity,0,Average Tone,0
9/10/2018,Volume Intensity,0.0005,Average Tone,-4.9488
9/11/2018,Volume Intensity,0.0002,Average Tone,-8.9951
9/12/2018,Volume Intensity,0.0003,Average Tone,-0.8083
9/13/2018,Volume Intensity,0.0002,Average Tone,-0.624
9/14/2018,Volume Intensity,0.0002,Average Tone,-3.5409
9/15/2018,Volume Intensity,0.0005,Average Tone,1.6912
9/16/2018,Volume Intensity,0.0006,Average Tone,-1.2542
9/17/2018,Volume Intensity,0,Average Tone,0
9/18/2018,Volume Intensity,0.0002,Average Tone,3.1161
9/19/2018,Volume Intensity,0.0003,Average Tone,1.1824
9/20/2018,Volume Intensity,0.0003,Average Tone,-5.1578
9/21/2018,Volume Intensity,0.0005,Average Tone,-2.5219
9/22/2018,Volume Intensity,0.0008,Average Tone,0.4913
9/23/2018,Volume Intensity,0,Average Tone,0
9/24/2018,Volume Intensity,0.0002,Average Tone,1.3889
9/25/2018,Volume Intensity,0.0003,Average Tone,-2.0445
9/26/2018,Volume Intensity,0.0003,Average Tone,-0.4795
9/27/2018,Volume Intensity,0.0007,Average Tone,-1.4096
9/28/2018,Volume Intensity,0.0005,Average Tone,-0.6344
9/29/2018,Volume Intensity,0,Average Tone,0
9/30/2018,Volume Intensity,0,Average Tone,0
10/1/2018,Volume Intensity,0,Average Tone,0
10/2/2018,Volume Intensity,0.0008,Average Tone,-0.9598
10/3/2018,Volume Intensity,0.0002,Average Tone,-2.4196
10/4/2018,Volume Intensity,0.0002,Average Tone,-2.9081
10/5/2018,Volume Intensity,0.0009,Average Tone,-1.3568
10/6/2018,Volume Intensity,0.0005,Average Tone,0.5179
10/7/2018,Volume Intensity,0,Average Tone,0
10/8/2018,Volume Intensity,0.0005,Average Tone,-3.3901
10/9/2018,Volume Intensity,0,Average Tone,0
10/10/2018,Volume Intensity,0.0002,Average Tone,2.4793
10/11/2018,Volume Intensity,0.001,Average Tone,-2.6342
10/12/2018,Volume Intensity,0.0005,Average Tone,-2.702
10/13/2018,Volume Intensity,0,Average Tone,0
10/14/2018,Volume Intensity,0,Average Tone,0
10/15/2018,Volume Intensity,0.0002,Average Tone,-0.6849
10/16/2018,Volume Intensity,0.0003,Average Tone,-2.0249
10/17/2018,Volume Intensity,0.0005,Average Tone,-1.3152
10/18/2018,Volume Intensity,0,Average Tone,0
10/19/2018,Volume Intensity,0.0003,Average Tone,-0.3967
10/20/2018,Volume Intensity,0,Average Tone,0
10/21/2018,Volume Intensity,0,Average Tone,0
10/22/2018,Volume Intensity,0.0002,Average Tone,0.876
10/23/2018,Volume Intensity,0.0003,Average Tone,0.8473
10/24/2018,Volume Intensity,0.0003,Average Tone,-1.2889
10/25/2018,Volume Intensity,0,Average Tone,0
10/26/2018,Volume Intensity,0,Average Tone,0
10/27/2018,Volume Intensity,0.0003,Average Tone,-2.7248
10/28/2018,Volume Intensity,0,Average Tone,0
10/29/2018,Volume Intensity,0.0003,Average Tone,-0.0855
10/30/2018,Volume Intensity,0.0002,Average Tone,-3.125
10/31/2018,Volume Intensity,0.0002,Average Tone,-4.8077
11/1/2018,Volume Intensity,0,Average Tone,0
11/2/2018,Volume Intensity,0,Average Tone,0
11/3/2018,Volume Intensity,0,Average Tone,0
11/4/2018,Volume Intensity,0,Average Tone,0
11/5/2018,Volume Intensity,0.0002,Average Tone,1.8476
11/6/2018,Volume Intensity,0.0002,Average Tone,-1.6445
11/7/2018,Volume Intensity,0,Average Tone,0
11/8/2018,Volume Intensity,0.0002,Average Tone,2.8721
11/9/2018,Volume Intensity,0,Average Tone,0
11/10/2018,Volume Intensity,0,Average Tone,0
11/11/2018,Volume Intensity,0.0003,Average Tone,-1.2448
11/12/2018,Volume Intensity,0.0004,Average Tone,-2.1777
11/13/2018,Volume Intensity,0,Average Tone,0
11/14/2018,Volume Intensity,0,Average Tone,0
11/15/2018,Volume Intensity,0,Average Tone,0
11/16/2018,Volume Intensity,0,Average Tone,0
11/17/2018,Volume Intensity,0,Average Tone,0
11/18/2018,Volume Intensity,0.0003,Average Tone,-0.8811
11/19/2018,Volume Intensity,0,Average Tone,0
11/20/2018,Volume Intensity,0.0002,Average Tone,-1.5541
11/21/2018,Volume Intensity,0,Average Tone,0
11/22/2018,Volume Intensity,0,Average Tone,0
11/23/2018,Volume Intensity,0,Average Tone,0
11/24/2018,Volume Intensity,0,Average Tone,0
11/25/2018,Volume Intensity,0,Average Tone,0
11/26/2018,Volume Intensity,0.0005,Average Tone,-0.0533
11/27/2018,Volume Intensity,0.0005,Average Tone,-2.5973
11/28/2018,Volume Intensity,0,Average Tone,0
11/29/2018,Volume Intensity,0.0002,Average Tone,-1.9417
11/30/2018,Volume Intensity,0.0005,Average Tone,-0.6514
12/1/2018,Volume Intensity,0,Average Tone,0
12/2/2018,Volume Intensity,0,Average Tone,0
12/3/2018,Volume Intensity,0.0004,Average Tone,0.1538
12/4/2018,Volume Intensity,0.0002,Average Tone,2.8208
12/5/2018,Volume Intensity,0,Average Tone,0
12/6/2018,Volume Intensity,0,Average Tone,0
12/7/2018,Volume Intensity,0,Average Tone,0
12/8/2018,Volume Intensity,0,Average Tone,0
12/9/2018,Volume Intensity,0,Average Tone,0
12/10/2018,Volume Intensity,0,Average Tone,0
12/11/2018,Volume Intensity,0,Average Tone,0
12/12/2018,Volume Intensity,0.0002,Average Tone,1.34
12/13/2018,Volume Intensity,0.0005,Average Tone,-2.1587
12/14/2018,Volume Intensity,0.0004,Average Tone,-2.1154
12/15/2018,Volume Intensity,0,Average Tone,0
12/16/2018,Volume Intensity,0,Average Tone,0
12/17/2018,Volume Intensity,0,Average Tone,0
12/18/2018,Volume Intensity,0,Average Tone,0
12/19/2018,Volume Intensity,0,Average Tone,0
12/20/2018,Volume Intensity,0.0002,Average Tone,-8.3279
12/21/2018,Volume Intensity,0.0002,Average Tone,-4.8033
12/22/2018,Volume Intensity,0.0003,Average Tone,-5.6218
12/23/2018,Volume Intensity,0,Average Tone,0
12/24/2018,Volume Intensity,0.0003,Average Tone,-7.9218
12/25/2018,Volume Intensity,0,Average Tone,0
12/26/2018,Volume Intensity,0,Average Tone,0
12/27/2018,Volume Intensity,0.0002,Average Tone,-3.562
12/28/2018,Volume Intensity,0.0002,Average Tone,-2.6338
12/29/2018,Volume Intensity,0,Average Tone,0
12/30/2018,Volume Intensity,0.0003,Average Tone,0
12/31/2018,Volume Intensity,0.0008,Average Tone,-1.6667
1/1/2019,Volume Intensity,0,Average Tone,0
1/2/2019,Volume Intensity,0.0002,Average Tone,-1.6279
1/3/2019,Volume Intensity,0,Average Tone,0
1/4/2019,Volume Intensity,0.0002,Average Tone,-3.4979
1/5/2019,Volume Intensity,0.0003,Average Tone,-3.3501
1/6/2019,Volume Intensity,0.0003,Average Tone,-3.2451
1/7/2019,Volume Intensity,0,Average Tone,0
1/8/2019,Volume Intensity,0.0002,Average Tone,-2.3838
1/9/2019,Volume Intensity,0.0002,Average Tone,-1.6636
1/10/2019,Volume Intensity,0.0005,Average Tone,0.6211
1/11/2019,Volume Intensity,0.0002,Average Tone,-3.7075
1/12/2019,Volume Intensity,0.0003,Average Tone,-1.8216
1/13/2019,Volume Intensity,0.0003,Average Tone,4.9261
1/14/2019,Volume Intensity,0,Average Tone,0
1/15/2019,Volume Intensity,0.0009,Average Tone,1.6007
1/16/2019,Volume Intensity,0,Average Tone,0
1/17/2019,Volume Intensity,0,Average Tone,0
1/18/2019,Volume Intensity,0,Average Tone,0
1/19/2019,Volume Intensity,0,Average Tone,0
1/20/2019,Volume Intensity,0,Average Tone,0
1/21/2019,Volume Intensity,0.0004,Average Tone,0.5517
1/22/2019,Volume Intensity,0.0002,Average Tone,-3.7168
1/23/2019,Volume Intensity,0,Average Tone,0
1/24/2019,Volume Intensity,0.0002,Average Tone,-3.2672
1/25/2019,Volume Intensity,0.0002,Average Tone,5.7357
1/26/2019,Volume Intensity,0.0003,Average Tone,-2.9755
1/27/2019,Volume Intensity,0.0006,Average Tone,-1.0113
1/28/2019,Volume Intensity,0.0002,Average Tone,-3.7417
1/29/2019,Volume Intensity,0.0007,Average Tone,-1.5719
1/30/2019,Volume Intensity,0.0002,Average Tone,1.139
1/31/2019,Volume Intensity,0.0003,Average Tone,-3.1739
2/1/2019,Volume Intensity,0.0002,Average Tone,3.0264
2/2/2019,Volume Intensity,0,Average Tone,0
2/3/2019,Volume Intensity,0.0003,Average Tone,-8.7216
2/4/2019,Volume Intensity,0.0004,Average Tone,-3.0873
2/5/2019,Volume Intensity,0.0002,Average Tone,-5.7708
2/6/2019,Volume Intensity,0,Average Tone,0
2/7/2019,Volume Intensity,0,Average Tone,0
2/8/2019,Volume Intensity,0.0006,Average Tone,-1.2861
2/9/2019,Volume Intensity,0,Average Tone,0
2/10/2019,Volume Intensity,0.0019,Average Tone,-5.1063
2/11/2019,Volume Intensity,0,Average Tone,0
2/12/2019,Volume Intensity,0.0002,Average Tone,-6.1286
2/13/2019,Volume Intensity,0,Average Tone,0
2/14/2019,Volume Intensity,0.0002,Average Tone,-6.1286
2/15/2019,Volume Intensity,0.0002,Average Tone,-2.8609
2/16/2019,Volume Intensity,0,Average Tone,0
2/17/2019,Volume Intensity,0.0003,Average Tone,-1.3839
2/18/2019,Volume Intensity,0.0002,Average Tone,0.3727
2/19/2019,Volume Intensity,0,Average Tone,0
2/20/2019,Volume Intensity,0.001,Average Tone,-1.9073
2/21/2019,Volume Intensity,0,Average Tone,0
2/22/2019,Volume Intensity,0.0002,Average Tone,-2.5586
2/23/2019,Volume Intensity,0,Average Tone,0
2/24/2019,Volume Intensity,0.0003,Average Tone,-0.858
2/25/2019,Volume Intensity,0.0011,Average Tone,-0.8244
2/26/2019,Volume Intensity,0.0003,Average Tone,-0.2486
2/27/2019,Volume Intensity,0.0003,Average Tone,-2.4752
2/28/2019,Volume Intensity,0,Average Tone,0
3/1/2019,Volume Intensity,0.0004,Average Tone,-2.6807
3/2/2019,Volume Intensity,0,Average Tone,0
3/3/2019,Volume Intensity,0.0003,Average Tone,-2.2817
3/4/2019,Volume Intensity,0.0004,Average Tone,-2.3929
3/5/2019,Volume Intensity,0,Average Tone,0
3/6/2019,Volume Intensity,0,Average Tone,0
3/7/2019,Volume Intensity,0.0009,Average Tone,-1.7214
3/8/2019,Volume Intensity,0.0002,Average Tone,-3.5
3/9/2019,Volume Intensity,0.0009,Average Tone,-3.2721
3/10/2019,Volume Intensity,0,Average Tone,0
3/11/2019,Volume Intensity,0.0007,Average Tone,-0.7956
3/12/2019,Volume Intensity,0.0005,Average Tone,-2.8726
3/13/2019,Volume Intensity,0.0002,Average Tone,-1.6816
3/14/2019,Volume Intensity,0.0002,Average Tone,0
3/15/2019,Volume Intensity,0,Average Tone,0
3/16/2019,Volume Intensity,0,Average Tone,0
3/17/2019,Volume Intensity,0.0003,Average Tone,2.4752
3/18/2019,Volume Intensity,0,Average Tone,0
3/19/2019,Volume Intensity,0.0005,Average Tone,-0.3509
3/20/2019,Volume Intensity,0.0002,Average Tone,-3.8651
3/21/2019,Volume Intensity,0.0002,Average Tone,-3.8651
3/22/2019,Volume Intensity,0.0004,Average Tone,-0.5722
3/23/2019,Volume Intensity,0,Average Tone,0
3/24/2019,Volume Intensity,0,Average Tone,0
3/25/2019,Volume Intensity,0.0007,Average Tone,-1.3609
3/26/2019,Volume Intensity,0.0009,Average Tone,-0.8947
3/27/2019,Volume Intensity,0.0002,Average Tone,-1.1385
3/28/2019,Volume Intensity,0.0002,Average Tone,-7.0304
3/29/2019,Volume Intensity,0.0009,Average Tone,-3.3078
3/30/2019,Volume Intensity,0,Average Tone,0
3/31/2019,Volume Intensity,0.0006,Average Tone,-5.0511
4/1/2019,Volume Intensity,0,Average Tone,0
4/2/2019,Volume Intensity,0.0005,Average Tone,-4.8969
4/3/2019,Volume Intensity,0.0003,Average Tone,-2.2402
4/4/2019,Volume Intensity,0.0005,Average Tone,-2.0477
4/5/2019,Volume Intensity,0.0004,Average Tone,-1.8801
4/6/2019,Volume Intensity,0,Average Tone,0
4/7/2019,Volume Intensity,0,Average Tone,0
4/8/2019,Volume Intensity,0,Average Tone,0
4/9/2019,Volume Intensity,0.0003,Average Tone,0.2637
4/10/2019,Volume Intensity,0.0003,Average Tone,-4.6102
4/11/2019,Volume Intensity,0.0002,Average Tone,-4.0248
4/12/2019,Volume Intensity,0.0005,Average Tone,-1.1251
4/13/2019,Volume Intensity,0,Average Tone,0
4/14/2019,Volume Intensity,0,Average Tone,0
4/15/2019,Volume Intensity,0.0006,Average Tone,-0.3165
4/16/2019,Volume Intensity,0.0005,Average Tone,-0.101
4/17/2019,Volume Intensity,0.0003,Average Tone,1.1942
4/18/2019,Volume Intensity,0.0003,Average Tone,-1.2175
4/19/2019,Volume Intensity,0.001,Average Tone,-1.4201
4/20/2019,Volume Intensity,0.0012,Average Tone,-1.4306
4/21/2019,Volume Intensity,0.0003,Average Tone,-2.0701
4/22/2019,Volume Intensity,0.0002,Average Tone,-1.9512
4/23/2019,Volume Intensity,0.0002,Average Tone,5.7692
4/24/2019,Volume Intensity,0.0008,Average Tone,-2.5871
4/25/2019,Volume Intensity,0.0009,Average Tone,-2.5414
4/26/2019,Volume Intensity,0.0002,Average Tone,2.1944
4/27/2019,Volume Intensity,0.0006,Average Tone,-1.001
4/28/2019,Volume Intensity,0.0003,Average Tone,-4.9596
4/29/2019,Volume Intensity,0.0004,Average Tone,-2.2264
4/30/2019,Volume Intensity,0.0004,Average Tone,-3.5496
5/1/2019,Volume Intensity,0.0002,Average Tone,-4.3655
5/2/2019,Volume Intensity,0.0002,Average Tone,-2.6064
5/3/2019,Volume Intensity,0.0008,Average Tone,-1.9254
5/4/2019,Volume Intensity,0,Average Tone,0
5/5/2019,Volume Intensity,0,Average Tone,0
5/6/2019,Volume Intensity,0.0004,Average Tone,-3.336
5/7/2019,Volume Intensity,0.0007,Average Tone,-3.3974
5/8/2019,Volume Intensity,0.0005,Average Tone,-2.5554
5/9/2019,Volume Intensity,0.0005,Average Tone,0.2108
5/10/2019,Volume Intensity,0,Average Tone,0
5/11/2019,Volume Intensity,0,Average Tone,0
5/12/2019,Volume Intensity,0,Average Tone,0
5/13/2019,Volume Intensity,0,Average Tone,0
5/14/2019,Volume Intensity,0,Average Tone,0
5/15/2019,Volume Intensity,0.0003,Average Tone,-1.1334
5/16/2019,Volume Intensity,0,Average Tone,0
5/17/2019,Volume Intensity,0,Average Tone,0
5/18/2019,Volume Intensity,0.0003,Average Tone,0.1563
5/19/2019,Volume Intensity,0.0003,Average Tone,-3.8005
5/20/2019,Volume Intensity,0.0002,Average Tone,-4.4888
5/21/2019,Volume Intensity,0.0002,Average Tone,-1.6835
5/22/2019,Volume Intensity,0.0002,Average Tone,0.3268
5/23/2019,Volume Intensity,0.0005,Average Tone,-0.4953
5/24/2019,Volume Intensity,0,Average Tone,0
5/25/2019,Volume Intensity,0.0003,Average Tone,-0.3755
5/26/2019,Volume Intensity,0,Average Tone,0
5/27/2019,Volume Intensity,0,Average Tone,0
5/28/2019,Volume Intensity,0.0011,Average Tone,-3.2331
5/29/2019,Volume Intensity,0.0004,Average Tone,-0.9014
5/30/2019,Volume Intensity,0.0004,Average Tone,-0.1796
5/31/2019,Volume Intensity,0.0002,Average Tone,-0.9774
6/1/2019,Volume Intensity,0,Average Tone,0
6/2/2019,Volume Intensity,0.0007,Average Tone,-2.414
6/3/2019,Volume Intensity,0.0008,Average Tone,-4.1548
6/4/2019,Volume Intensity,0,Average Tone,0
6/5/2019,Volume Intensity,0.0002,Average Tone,-3.5
6/6/2019,Volume Intensity,0.0002,Average Tone,-3.5968
6/7/2019,Volume Intensity,0.0004,Average Tone,1.2798
6/8/2019,Volume Intensity,0.0003,Average Tone,0.8039
6/9/2019,Volume Intensity,0,Average Tone,0
6/10/2019,Volume Intensity,0.0004,Average Tone,-4.4929
6/11/2019,Volume Intensity,0.0012,Average Tone,3.9206
6/12/2019,Volume Intensity,0.0011,Average Tone,4.6458
6/13/2019,Volume Intensity,0.0023,Average Tone,-2.3127
6/14/2019,Volume Intensity,0.0009,Average Tone,-0.2362
6/15/2019,Volume Intensity,0.0003,Average Tone,0
6/16/2019,Volume Intensity,0,Average Tone,0
6/17/2019,Volume Intensity,0.0011,Average Tone,-2.6096
6/18/2019,Volume Intensity,0.0016,Average Tone,-1.6476
6/19/2019,Volume Intensity,0.0004,Average Tone,-2.2402
6/20/2019,Volume Intensity,0.0002,Average Tone,-4.8466
6/21/2019,Volume Intensity,0.0004,Average Tone,-1.0553
6/22/2019,Volume Intensity,0.0003,Average Tone,-2.8037
6/23/2019,Volume Intensity,0.0004,Average Tone,1.5448
6/24/2019,Volume Intensity,0,Average Tone,0
6/25/2019,Volume Intensity,0.0002,Average Tone,1.5891
6/26/2019,Volume Intensity,0,Average Tone,0
6/27/2019,Volume Intensity,0.0002,Average Tone,-4.4872
6/28/2019,Volume Intensity,0,Average Tone,0
6/29/2019,Volume Intensity,0,Average Tone,0
6/30/2019,Volume Intensity,0.0003,Average Tone,-3.5971
7/1/2019,Volume Intensity,0.0006,Average Tone,-1.5942
7/2/2019,Volume Intensity,0,Average Tone,0
7/3/2019,Volume Intensity,0.0004,Average Tone,1.0963
7/4/2019,Volume Intensity,0.0012,Average Tone,-0.8275
7/5/2019,Volume Intensity,0,Average Tone,0
7/6/2019,Volume Intensity,0,Average Tone,0
7/7/2019,Volume Intensity,0.0003,Average Tone,-1.0811
7/8/2019,Volume Intensity,0.0004,Average Tone,-5.5709
7/9/2019,Volume Intensity,0.0008,Average Tone,-2.2361
7/10/2019,Volume Intensity,0.0007,Average Tone,-0.8872
7/11/2019,Volume Intensity,0.0013,Average Tone,0.138
7/12/2019,Volume Intensity,0.0006,Average Tone,-1.4096
7/13/2019,Volume Intensity,0.0009,Average Tone,-2.9385
7/14/2019,Volume Intensity,0.0003,Average Tone,-0.641
7/15/2019,Volume Intensity,0.0002,Average Tone,-0.8178
7/16/2019,Volume Intensity,0.0002,Average Tone,-2.4631
7/17/2019,Volume Intensity,0.0004,Average Tone,-2.1341
7/18/2019,Volume Intensity,0.0005,Average Tone,0.5758
7/19/2019,Volume Intensity,0.0008,Average Tone,2.4045
7/20/2019,Volume Intensity,0,Average Tone,0
7/21/2019,Volume Intensity,0.0003,Average Tone,-0.7353
7/22/2019,Volume Intensity,0.0002,Average Tone,-2.2865
7/23/2019,Volume Intensity,0.0004,Average Tone,-2.1486
7/24/2019,Volume Intensity,0.0004,Average Tone,0.5206
7/25/2019,Volume Intensity,0.0004,Average Tone,-0.789
7/26/2019,Volume Intensity,0.0004,Average Tone,-1.5833
7/27/2019,Volume Intensity,0,Average Tone,0
7/28/2019,Volume Intensity,0.0003,Average Tone,-1.0693
7/29/2019,Volume Intensity,0.0002,Average Tone,-0.0206
7/30/2019,Volume Intensity,0.0002,Average Tone,-1.2821
7/31/2019,Volume Intensity,0.0005,Average Tone,-4.528
8/1/2019,Volume Intensity,0.0009,Average Tone,1.9524
8/2/2019,Volume Intensity,0.0006,Average Tone,-3.6775
8/3/2019,Volume Intensity,0,Average Tone,0
8/4/2019,Volume Intensity,0,Average Tone,0
8/5/2019,Volume Intensity,0.0004,Average Tone,-2.7444
8/6/2019,Volume Intensity,0.0008,Average Tone,-2.5918
8/7/2019,Volume Intensity,0.0004,Average Tone,-2.7376
8/8/2019,Volume Intensity,0.0007,Average Tone,-2.2022
8/9/2019,Volume Intensity,0.0008,Average Tone,-3.6112
8/10/2019,Volume Intensity,0.0006,Average Tone,-4.7202
8/11/2019,Volume Intensity,0.001,Average Tone,-3.3734
8/12/2019,Volume Intensity,0.0004,Average Tone,-0.5154
8/13/2019,Volume Intensity,0.0004,Average Tone,-2.7135
8/14/2019,Volume Intensity,0.0004,Average Tone,-0.5872
8/15/2019,Volume Intensity,0.0008,Average Tone,-0.8103
8/16/2019,Volume Intensity,0.0016,Average Tone,-1.9111
8/17/2019,Volume Intensity,0.0003,Average Tone,2.406
8/18/2019,Volume Intensity,0,Average Tone,0
8/19/2019,Volume Intensity,0.0004,Average Tone,-0.1128
8/20/2019,Volume Intensity,0.0006,Average Tone,-1.7898
8/21/2019,Volume Intensity,0,Average Tone,0
8/22/2019,Volume Intensity,0.0002,Average Tone,1.1638
8/23/2019,Volume Intensity,0.0002,Average Tone,-1.556
8/24/2019,Volume Intensity,0,Average Tone,0
8/25/2019,Volume Intensity,0.0003,Average Tone,1.5905
8/26/2019,Volume Intensity,0.0002,Average Tone,0.3515
8/27/2019,Volume Intensity,0.0002,Average Tone,-2.6882
8/28/2019,Volume Intensity,0.0004,Average Tone,-5.2411
8/29/2019,Volume Intensity,0.0004,Average Tone,-2.4988
8/30/2019,Volume Intensity,0.0004,Average Tone,-1.2961
8/31/2019,Volume Intensity,0.0006,Average Tone,-1.9463
9/1/2019,Volume Intensity,0.0003,Average Tone,-0.1657
9/2/2019,Volume Intensity,0.0005,Average Tone,-5.6507
9/3/2019,Volume Intensity,0.0006,Average Tone,-1.3332
9/4/2019,Volume Intensity,0.0004,Average Tone,-0.4639
9/5/2019,Volume Intensity,0.0002,Average Tone,4.0977
9/6/2019,Volume Intensity,0.0164,Average Tone,-5.4529
9/7/2019,Volume Intensity,0.001,Average Tone,-4.5072
9/8/2019,Volume Intensity,0,Average Tone,0
9/9/2019,Volume Intensity,0.0002,Average Tone,-1.0613
9/10/2019,Volume Intensity,0.0004,Average Tone,3.236
9/11/2019,Volume Intensity,0.0004,Average Tone,2.3008
9/12/2019,Volume Intensity,0.0006,Average Tone,-2.2596
9/13/2019,Volume Intensity,0.0006,Average Tone,2.3207
9/14/2019,Volume Intensity,0.0003,Average Tone,-3.3825
9/15/2019,Volume Intensity,0,Average Tone,0
9/16/2019,Volume Intensity,0.0006,Average Tone,-1.8202
9/17/2019,Volume Intensity,0.0004,Average Tone,2.4905
9/18/2019,Volume Intensity,0.0006,Average Tone,-2.754
9/19/2019,Volume Intensity,0.0004,Average Tone,-4.9106
9/20/2019,Volume Intensity,0.0002,Average Tone,-4.8638
9/21/2019,Volume Intensity,0.0003,Average Tone,-4.8318
9/22/2019,Volume Intensity,0,Average Tone,0
9/23/2019,Volume Intensity,0.0002,Average Tone,-3.9931
9/24/2019,Volume Intensity,0.0002,Average Tone,0.2463
9/25/2019,Volume Intensity,0.0007,Average Tone,-2.0814
9/26/2019,Volume Intensity,0,Average Tone,0
9/27/2019,Volume Intensity,0.0002,Average Tone,4.3796
9/28/2019,Volume Intensity,0.0003,Average Tone,3.75
9/29/2019,Volume Intensity,0,Average Tone,0
9/30/2019,Volume Intensity,0.0005,Average Tone,1.3925
10/1/2019,Volume Intensity,0.0002,Average Tone,-1.2155
10/2/2019,Volume Intensity,0,Average Tone,0
10/3/2019,Volume Intensity,0.0004,Average Tone,-1.939
10/4/2019,Volume Intensity,0.0002,Average Tone,-1.9584
10/5/2019,Volume Intensity,0,Average Tone,0
10/6/2019,Volume Intensity,0.0007,Average Tone,-2.0122
10/7/2019,Volume Intensity,0.0004,Average Tone,-3.1426
10/8/2019,Volume Intensity,0.0004,Average Tone,-1.1735
10/9/2019,Volume Intensity,0.0002,Average Tone,2.7344
10/10/2019,Volume Intensity,0.0002,Average Tone,-0.6349
10/11/2019,Volume Intensity,0,Average Tone,0
10/12/2019,Volume Intensity,0.0006,Average Tone,-1.987
10/13/2019,Volume Intensity,0,Average Tone,0
10/14/2019,Volume Intensity,0.0002,Average Tone,-3.9931
10/15/2019,Volume Intensity,0.0002,Average Tone,-3.7481
10/16/2019,Volume Intensity,0.0002,Average Tone,-5.2632
10/17/2019,Volume Intensity,0,Average Tone,0
10/18/2019,Volume Intensity,0.0006,Average Tone,-2.7634
10/19/2019,Volume Intensity,0.0007,Average Tone,-0.0731
10/20/2019,Volume Intensity,0.0004,Average Tone,-1.3436
10/21/2019,Volume Intensity,0.0002,Average Tone,0.3876
10/22/2019,Volume Intensity,0.0004,Average Tone,-1.3021
10/23/2019,Volume Intensity,0.0008,Average Tone,0.7151
10/24/2019,Volume Intensity,0.0002,Average Tone,-2.3316
10/25/2019,Volume Intensity,0.0006,Average Tone,-1.3607
10/26/2019,Volume Intensity,0,Average Tone,0
10/27/2019,Volume Intensity,0.0004,Average Tone,-3.4598
10/28/2019,Volume Intensity,0.0002,Average Tone,-3.5166
10/29/2019,Volume Intensity,0.0002,Average Tone,-3.4996
10/30/2019,Volume Intensity,0.0002,Average Tone,0.7209
10/31/2019,Volume Intensity,0,Average Tone,0
11/1/2019,Volume Intensity,0.0004,Average Tone,-1.5018
11/2/2019,Volume Intensity,0.0003,Average Tone,-2.2843
11/3/2019,Volume Intensity,0,Average Tone,0
11/4/2019,Volume Intensity,0.0002,Average Tone,-0.1794
11/5/2019,Volume Intensity,0.0004,Average Tone,-1.2658
11/6/2019,Volume Intensity,0.0002,Average Tone,0.263
11/7/2019,Volume Intensity,0.0055,Average Tone,0.7176
11/8/2019,Volume Intensity,0,Average Tone,0
11/9/2019,Volume Intensity,0.0006,Average Tone,2.0416
11/10/2019,Volume Intensity,0,Average Tone,0
11/11/2019,Volume Intensity,0,Average Tone,0
11/12/2019,Volume Intensity,0.0008,Average Tone,-0.0683
11/13/2019,Volume Intensity,0.0008,Average Tone,-1.7847
11/14/2019,Volume Intensity,0.0002,Average Tone,-1.9512
11/15/2019,Volume Intensity,0.0004,Average Tone,-3.2153
11/16/2019,Volume Intensity,0,Average Tone,0
11/17/2019,Volume Intensity,0.001,Average Tone,-3.9826
11/18/2019,Volume Intensity,0.006,Average Tone,-2.7404
11/19/2019,Volume Intensity,0,Average Tone,0
11/20/2019,Volume Intensity,0.0002,Average Tone,3.2175
11/21/2019,Volume Intensity,0.0011,Average Tone,-0.8152
11/22/2019,Volume Intensity,0.0008,Average Tone,-0.7171
11/23/2019,Volume Intensity,0,Average Tone,0
11/24/2019,Volume Intensity,0,Average Tone,0
11/25/2019,Volume Intensity,0.0004,Average Tone,2.0709
11/26/2019,Volume Intensity,0,Average Tone,0
11/27/2019,Volume Intensity,0.0002,Average Tone,-2.2357
11/28/2019,Volume Intensity,0,Average Tone,0
11/29/2019,Volume Intensity,0,Average Tone,0
11/30/2019,Volume Intensity,0,Average Tone,0
12/1/2019,Volume Intensity,0,Average Tone,0
12/2/2019,Volume Intensity,0.0002,Average Tone,-2.2321
12/3/2019,Volume Intensity,0.0004,Average Tone,2.7841
12/4/2019,Volume Intensity,0.0002,Average Tone,-2.7523
12/5/2019,Volume Intensity,0.0006,Average Tone,-2.0968
12/6/2019,Volume Intensity,0.0004,Average Tone,0.6203
12/7/2019,Volume Intensity,0,Average Tone,0
12/8/2019,Volume Intensity,0,Average Tone,0
12/9/2019,Volume Intensity,0.0004,Average Tone,-3.8462
12/10/2019,Volume Intensity,0,Average Tone,0
12/11/2019,Volume Intensity,0,Average Tone,0
12/12/2019,Volume Intensity,0.0002,Average Tone,-2.134
12/13/2019,Volume Intensity,0.0002,Average Tone,-2.5229
12/14/2019,Volume Intensity,0.0003,Average Tone,4.1284
12/15/2019,Volume Intensity,0.0004,Average Tone,-1.3193
12/16/2019,Volume Intensity,0.0004,Average Tone,-0.5792
12/17/2019,Volume Intensity,0,Average Tone,0
12/18/2019,Volume Intensity,0.0004,Average Tone,-2.1318
12/19/2019,Volume Intensity,0.0004,Average Tone,-0.1349
12/20/2019,Volume Intensity,0.0012,Average Tone,-0.2001
12/21/2019,Volume Intensity,0.0003,Average Tone,-1.9834
12/22/2019,Volume Intensity,0,Average Tone,0
12/23/2019,Volume Intensity,0.0002,Average Tone,1.1026
12/24/2019,Volume Intensity,0.0003,Average Tone,-2.9862
12/25/2019,Volume Intensity,0,Average Tone,0
12/26/2019,Volume Intensity,0.0006,Average Tone,-1.2576
12/27/2019,Volume Intensity,0.0003,Average Tone,1.3141
12/28/2019,Volume Intensity,0,Average Tone,0
12/29/2019,Volume Intensity,0,Average Tone,0
12/30/2019,Volume Intensity,0,Average Tone,0
12/31/2019,Volume Intensity,0,Average Tone,0
1/1/2020,Volume Intensity,0,Average Tone,0
1/2/2020,Volume Intensity,0,Average Tone,0
1/3/2020,Volume Intensity,0.0007,Average Tone,-1.893
1/4/2020,Volume Intensity,0,Average Tone,0
1/5/2020,Volume Intensity,0.0004,Average Tone,-5.3645
1/6/2020,Volume Intensity,0,Average Tone,0
1/7/2020,Volume Intensity,0.0002,Average Tone,-3.6398
1/8/2020,Volume Intensity,0,Average Tone,0
1/9/2020,Volume Intensity,0,Average Tone,0
1/10/2020,Volume Intensity,0,Average Tone,0
1/11/2020,Volume Intensity,0,Average Tone,0
1/12/2020,Volume Intensity,0.0004,Average Tone,-7.0423
1/13/2020,Volume Intensity,0.0004,Average Tone,-3.5136
1/14/2020,Volume Intensity,0,Average Tone,0
1/15/2020,Volume Intensity,0,Average Tone,0
1/16/2020,Volume Intensity,0,Average Tone,0
1/17/2020,Volume Intensity,0.0006,Average Tone,-1.111
1/18/2020,Volume Intensity,0.0003,Average Tone,-4.4643
1/19/2020,Volume Intensity,0,Average Tone,0
1/20/2020,Volume Intensity,0.0005,Average Tone,-1.8549
1/21/2020,Volume Intensity,0,Average Tone,0
1/22/2020,Volume Intensity,0.0002,Average Tone,-1.8634
1/23/2020,Volume Intensity,0.0002,Average Tone,-3.6784
1/24/2020,Volume Intensity,0.0002,Average Tone,-1.8625
1/25/2020,Volume Intensity,0,Average Tone,0
1/26/2020,Volume Intensity,0.0004,Average Tone,-1.3736
1/27/2020,Volume Intensity,0,Average Tone,0
1/28/2020,Volume Intensity,0.0011,Average Tone,-2.8016
1/29/2020,Volume Intensity,0,Average Tone,0
1/30/2020,Volume Intensity,0,Average Tone,0
1/31/2020,Volume Intensity,0.0004,Average Tone,-4.3004
2/1/2020,Volume Intensity,0.0003,Average Tone,-1.2195
2/2/2020,Volume Intensity,0,Average Tone,0
2/3/2020,Volume Intensity,0,Average Tone,0
2/4/2020,Volume Intensity,0.0006,Average Tone,-1.3458
2/5/2020,Volume Intensity,0.001,Average Tone,-0.8688
2/6/2020,Volume Intensity,0.0006,Average Tone,-0.0636
2/7/2020,Volume Intensity,0.0006,Average Tone,-0.9493
2/8/2020,Volume Intensity,0.001,Average Tone,-1.7719
2/9/2020,Volume Intensity,0.0004,Average Tone,-3.3475
2/10/2020,Volume Intensity,0.0002,Average Tone,-0.9073
2/11/2020,Volume Intensity,0,Average Tone,0
2/12/2020,Volume Intensity,0.0004,Average Tone,-3.8079
2/13/2020,Volume Intensity,0.0004,Average Tone,0.064
2/14/2020,Volume Intensity,0.0011,Average Tone,-2.051
2/15/2020,Volume Intensity,0.0014,Average Tone,-0.502
2/16/2020,Volume Intensity,0,Average Tone,0
2/17/2020,Volume Intensity,0.001,Average Tone,0.205
2/18/2020,Volume Intensity,0.0011,Average Tone,-1.739
2/19/2020,Volume Intensity,0.0006,Average Tone,-1.3508
2/20/2020,Volume Intensity,0,Average Tone,0
2/21/2020,Volume Intensity,0.0004,Average Tone,0.671
2/22/2020,Volume Intensity,0.0007,Average Tone,-1.9862
2/23/2020,Volume Intensity,0.0004,Average Tone,-1.4019
2/24/2020,Volume Intensity,0.0005,Average Tone,0.2498
2/25/2020,Volume Intensity,0.0012,Average Tone,-5.1441
2/26/2020,Volume Intensity,0.0004,Average Tone,-1.7163
2/27/2020,Volume Intensity,0.0002,Average Tone,-2.3454
2/28/2020,Volume Intensity,0.0004,Average Tone,-2.7514
2/29/2020,Volume Intensity,0.0007,Average Tone,-3.0149
3/1/2020,Volume Intensity,0.0011,Average Tone,-0.7233
3/2/2020,Volume Intensity,0.0002,Average Tone,0.5634
3/3/2020,Volume Intensity,0.0006,Average Tone,-2.1062
3/4/2020,Volume Intensity,0.0002,Average Tone,1.0945
3/5/2020,Volume Intensity,0.0002,Average Tone,-1.0024
3/6/2020,Volume Intensity,0.0004,Average Tone,-0.0477
3/7/2020,Volume Intensity,0,Average Tone,0
3/8/2020,Volume Intensity,0.0004,Average Tone,-1.4706
3/9/2020,Volume Intensity,0,Average Tone,0
3/10/2020,Volume Intensity,0.001,Average Tone,-1.8983
3/11/2020,Volume Intensity,0.0002,Average Tone,4.5455
3/12/2020,Volume Intensity,0.0004,Average Tone,-5.8138
3/13/2020,Volume Intensity,0.0004,Average Tone,-2.1258
3/14/2020,Volume Intensity,0,Average Tone,0
3/15/2020,Volume Intensity,0,Average Tone,0
3/16/2020,Volume Intensity,0.0002,Average Tone,-0.708
3/17/2020,Volume Intensity,0,Average Tone,0
3/18/2020,Volume Intensity,0.0006,Average Tone,-1.7702
3/19/2020,Volume Intensity,0.0002,Average Tone,-0.9592
3/20/2020,Volume Intensity,0,Average Tone,0
3/21/2020,Volume Intensity,0,Average Tone,0
3/22/2020,Volume Intensity,0,Average Tone,0
3/23/2020,Volume Intensity,0.0004,Average Tone,-1.1408
3/24/2020,Volume Intensity,0,Average Tone,0
3/25/2020,Volume Intensity,0,Average Tone,0
3/26/2020,Volume Intensity,0.0002,Average Tone,1.3776
3/27/2020,Volume Intensity,0,Average Tone,0
3/28/2020,Volume Intensity,0.0003,Average Tone,-2.5797
3/29/2020,Volume Intensity,0.0003,Average Tone,1.7747
3/30/2020,Volume Intensity,0,Average Tone,0
3/31/2020,Volume Intensity,0.0004,Average Tone,0.5353
4/1/2020,Volume Intensity,0.0002,Average Tone,-1.4349
4/2/2020,Volume Intensity,0.0004,Average Tone,4.2838
4/3/2020,Volume Intensity,0,Average Tone,0
4/4/2020,Volume Intensity,0,Average Tone,0
4/5/2020,Volume Intensity,0,Average Tone,0
4/6/2020,Volume Intensity,0.0002,Average Tone,-2.2926
4/7/2020,Volume Intensity,0,Average Tone,0
4/8/2020,Volume Intensity,0.0004,Average Tone,-2.8304
4/9/2020,Volume Intensity,0.0002,Average Tone,-2.4408
4/10/2020,Volume Intensity,0.0005,Average Tone,-0.362
4/11/2020,Volume Intensity,0.0003,Average Tone,-0.2535
4/12/2020,Volume Intensity,0,Average Tone,0
4/13/2020,Volume Intensity,0.0007,Average Tone,4.3794
4/14/2020,Volume Intensity,0.001,Average Tone,-2.7273
4/15/2020,Volume Intensity,0.0014,Average Tone,-3.3403
4/16/2020,Volume Intensity,0.0012,Average Tone,-3.3694
4/17/2020,Volume Intensity,0.0006,Average Tone,-0.4886
4/18/2020,Volume Intensity,0,Average Tone,0
4/19/2020,Volume Intensity,0.0007,Average Tone,-3.8945
4/20/2020,Volume Intensity,0.0002,Average Tone,2.1834
4/21/2020,Volume Intensity,0.0002,Average Tone,-6.0423
4/22/2020,Volume Intensity,0,Average Tone,0
4/23/2020,Volume Intensity,0.0004,Average Tone,-3.7212
4/24/2020,Volume Intensity,0,Average Tone,0
4/25/2020,Volume Intensity,0,Average Tone,0
4/26/2020,Volume Intensity,0.0004,Average Tone,-3.8322
4/27/2020,Volume Intensity,0,Average Tone,0
4/28/2020,Volume Intensity,0,Average Tone,0
4/29/2020,Volume Intensity,0,Average Tone,0
4/30/2020,Volume Intensity,0,Average Tone,0
5/1/2020,Volume Intensity,0.0002,Average Tone,-5.0584
5/2/2020,Volume Intensity,0,Average Tone,0
5/3/2020,Volume Intensity,0,Average Tone,0
5/4/2020,Volume Intensity,0,Average Tone,0
5/5/2020,Volume Intensity,0.0004,Average Tone,-2.913
5/6/2020,Volume Intensity,0,Average Tone,0
5/7/2020,Volume Intensity,0,Average Tone,0
5/8/2020,Volume Intensity,0,Average Tone,0
5/9/2020,Volume Intensity,0,Average Tone,0
5/10/2020,Volume Intensity,0.0004,Average Tone,-4.2691
5/11/2020,Volume Intensity,0.0005,Average Tone,-1.8848
5/12/2020,Volume Intensity,0.0006,Average Tone,-0.4374
5/13/2020,Volume Intensity,0,Average Tone,0
5/14/2020,Volume Intensity,0,Average Tone,0
5/15/2020,Volume Intensity,0.0004,Average Tone,1.3217
5/16/2020,Volume Intensity,0,Average Tone,0
5/17/2020,Volume Intensity,0,Average Tone,0
5/18/2020,Volume Intensity,0.0002,Average Tone,-7.29
5/19/2020,Volume Intensity,0,Average Tone,0
5/20/2020,Volume Intensity,0,Average Tone,0
5/21/2020,Volume Intensity,0.0007,Average Tone,-3.7336
5/22/2020,Volume Intensity,0,Average Tone,0
5/23/2020,Volume Intensity,0.0011,Average Tone,-3.2447
5/24/2020,Volume Intensity,0.0012,Average Tone,0.4329
5/25/2020,Volume Intensity,0,Average Tone,0
5/26/2020,Volume Intensity,0.0002,Average Tone,-4.6372
5/27/2020,Volume Intensity,0.0002,Average Tone,5.2771
5/28/2020,Volume Intensity,0.0002,Average Tone,0.2555
5/29/2020,Volume Intensity,0.0004,Average Tone,-3.8069
5/30/2020,Volume Intensity,0.0003,Average Tone,-3.8013
5/31/2020,Volume Intensity,0,Average Tone,0
6/1/2020,Volume Intensity,0.0005,Average Tone,-1.8375
6/2/2020,Volume Intensity,0.0083,Average Tone,-0.3109
6/3/2020,Volume Intensity,0.0043,Average Tone,-0.9097
6/4/2020,Volume Intensity,0.0013,Average Tone,-2.9444
6/5/2020,Volume Intensity,0.0017,Average Tone,-5.0396
6/6/2020,Volume Intensity,0.0014,Average Tone,-4.8091
6/7/2020,Volume Intensity,0.0015,Average Tone,-2.9188
6/8/2020,Volume Intensity,0.0018,Average Tone,-2.9682
6/9/2020,Volume Intensity,0.0021,Average Tone,-3.0656
6/10/2020,Volume Intensity,0.0018,Average Tone,-1.6611
6/11/2020,Volume Intensity,0.0017,Average Tone,-3.3358
6/12/2020,Volume Intensity,0.0013,Average Tone,-5.7971
6/13/2020,Volume Intensity,0,Average Tone,0
6/14/2020,Volume Intensity,0.0008,Average Tone,-3.2062
6/15/2020,Volume Intensity,0.0009,Average Tone,-4.3956
6/16/2020,Volume Intensity,0.0021,Average Tone,-3.2822
6/17/2020,Volume Intensity,0.0012,Average Tone,-2.8919
6/18/2020,Volume Intensity,0.001,Average Tone,-1.858
6/19/2020,Volume Intensity,0.0019,Average Tone,-0.1364
6/20/2020,Volume Intensity,0.001,Average Tone,-0.0475
6/21/2020,Volume Intensity,0.0008,Average Tone,-1.4527
6/22/2020,Volume Intensity,0.0007,Average Tone,-0.6154
6/23/2020,Volume Intensity,0.0004,Average Tone,-11.2245
6/24/2020,Volume Intensity,0.0004,Average Tone,-4.6353
6/25/2020,Volume Intensity,0.0011,Average Tone,-2.3206
6/26/2020,Volume Intensity,0.0014,Average Tone,-1.2117
6/27/2020,Volume Intensity,0.0007,Average Tone,-2.2784
6/28/2020,Volume Intensity,0.0007,Average Tone,-2.6208
6/29/2020,Volume Intensity,0.0021,Average Tone,-3.5106
6/30/2020,Volume Intensity,0.0014,Average Tone,-1.2068
7/1/2020,Volume Intensity,0.0017,Average Tone,-1.9153
7/2/2020,Volume Intensity,0.0022,Average Tone,-4.399
7/3/2020,Volume Intensity,0.0017,Average Tone,-3.0567
7/4/2020,Volume Intensity,0.0004,Average Tone,-1.2458
7/5/2020,Volume Intensity,0.0023,Average Tone,-4.595
7/6/2020,Volume Intensity,0.0014,Average Tone,-1.7199
7/7/2020,Volume Intensity,0.0011,Average Tone,-1.7176
7/8/2020,Volume Intensity,0.0006,Average Tone,-0.5004
7/9/2020,Volume Intensity,0.0021,Average Tone,-2.716
7/10/2020,Volume Intensity,0.0022,Average Tone,-1.6838
7/11/2020,Volume Intensity,0.0057,Average Tone,-2.766
7/12/2020,Volume Intensity,0.0019,Average Tone,-2.1984
7/13/2020,Volume Intensity,0.0021,Average Tone,-2.992
7/14/2020,Volume Intensity,0.0011,Average Tone,-2.6314
7/15/2020,Volume Intensity,0.001,Average Tone,-2.8932
7/16/2020,Volume Intensity,0.0017,Average Tone,-3.5344
7/17/2020,Volume Intensity,0.002,Average Tone,-4.2805
7/18/2020,Volume Intensity,0.0021,Average Tone,-3.2329
7/19/2020,Volume Intensity,0.0016,Average Tone,-3.688
7/20/2020,Volume Intensity,0.0021,Average Tone,-2.8554
7/21/2020,Volume Intensity,0.0009,Average Tone,-3.9612
7/22/2020,Volume Intensity,0.0002,Average Tone,-4.8943
7/23/2020,Volume Intensity,0.0009,Average Tone,-1.8643
7/24/2020,Volume Intensity,0.003,Average Tone,-3.038
7/25/2020,Volume Intensity,0.0018,Average Tone,-2.0869
7/26/2020,Volume Intensity,0.0008,Average Tone,-3.9115
7/27/2020,Volume Intensity,0.0019,Average Tone,-3.7736
7/28/2020,Volume Intensity,0.0009,Average Tone,-5.642
7/29/2020,Volume Intensity,0.0026,Average Tone,-3.7502
7/30/2020,Volume Intensity,0.0011,Average Tone,-3.3587
7/31/2020,Volume Intensity,0.0019,Average Tone,-0.7869
8/1/2020,Volume Intensity,0.0007,Average Tone,-4.1097
8/2/2020,Volume Intensity,0.0008,Average Tone,-1.8309
8/3/2020,Volume Intensity,0.0007,Average Tone,-2.9804
8/4/2020,Volume Intensity,0.0025,Average Tone,-2.9869
8/5/2020,Volume Intensity,0.0011,Average Tone,-3.5761
8/6/2020,Volume Intensity,0.028,Average Tone,-2.9953
8/7/2020,Volume Intensity,0.0012,Average Tone,-1.8187
8/8/2020,Volume Intensity,0.0004,Average Tone,-5.3743
8/9/2020,Volume Intensity,0.0004,Average Tone,-1.9097
8/10/2020,Volume Intensity,0.0012,Average Tone,-1.8317
8/11/2020,Volume Intensity,0.0011,Average Tone,-2.9207
8/12/2020,Volume Intensity,0.0007,Average Tone,-3.3495
8/13/2020,Volume Intensity,0.0015,Average Tone,-0.9298
8/14/2020,Volume Intensity,0.0014,Average Tone,-3.8691
8/15/2020,Volume Intensity,0.0022,Average Tone,-2.3985
8/16/2020,Volume Intensity,0.0012,Average Tone,-5.0019
8/17/2020,Volume Intensity,0.0007,Average Tone,-2.8395
8/18/2020,Volume Intensity,0.0009,Average Tone,-0.9742
8/19/2020,Volume Intensity,0.0002,Average Tone,-0.906
8/20/2020,Volume Intensity,0.0033,Average Tone,-2.539
8/21/2020,Volume Intensity,0.003,Average Tone,-1.8969
8/22/2020,Volume Intensity,0.0029,Average Tone,-2.7308
8/23/2020,Volume Intensity,0.0024,Average Tone,-3.2457
8/24/2020,Volume Intensity,0.0017,Average Tone,-1.4086
8/25/2020,Volume Intensity,0.0013,Average Tone,-2.7028
8/26/2020,Volume Intensity,0.0009,Average Tone,-3.1575
8/27/2020,Volume Intensity,0.0015,Average Tone,-4.2177
8/28/2020,Volume Intensity,0.003,Average Tone,-2.6108
8/29/2020,Volume Intensity,0.0047,Average Tone,-4.2624
8/30/2020,Volume Intensity,0.0025,Average Tone,-3.6579
8/31/2020,Volume Intensity,0.0019,Average Tone,-3.4311
9/1/2020,Volume Intensity,0.0011,Average Tone,-2.9396
9/2/2020,Volume Intensity,0.0052,Average Tone,-4.0973
9/3/2020,Volume Intensity,0.0022,Average Tone,-3.0134
9/4/2020,Volume Intensity,0.0014,Average Tone,-3.6098
9/5/2020,Volume Intensity,0.1484,Average Tone,-5.51
9/6/2020,Volume Intensity,0.0594,Average Tone,-3.7625
9/7/2020,Volume Intensity,0.0248,Average Tone,-4.0384
9/8/2020,Volume Intensity,0.0116,Average Tone,-3.6962
9/9/2020,Volume Intensity,0.013,Average Tone,-3.6181
9/10/2020,Volume Intensity,0.0156,Average Tone,-4.1568
9/11/2020,Volume Intensity,0.0075,Average Tone,-3.8476
9/12/2020,Volume Intensity,0.0108,Average Tone,-4.2801
9/13/2020,Volume Intensity,0.0127,Average Tone,-2.1965
9/14/2020,Volume Intensity,0.0073,Average Tone,-4.4417
9/15/2020,Volume Intensity,0.0107,Average Tone,-3.7577
9/16/2020,Volume Intensity,0.007,Average Tone,-3.9465
9/17/2020,Volume Intensity,0.0198,Average Tone,-4.0524
9/18/2020,Volume Intensity,0.0372,Average Tone,-4.124
9/19/2020,Volume Intensity,0.0113,Average Tone,-2.6929
9/20/2020,Volume Intensity,0.0073,Average Tone,-3.4383
9/21/2020,Volume Intensity,0.0068,Average Tone,-3.2761
9/22/2020,Volume Intensity,0.0062,Average Tone,-3.2605
9/23/2020,Volume Intensity,0.0247,Average Tone,-2.9959
9/24/2020,Volume Intensity,0.0088,Average Tone,-2.6653
9/25/2020,Volume Intensity,0.0144,Average Tone,-2.2277
9/26/2020,Volume Intensity,0.0099,Average Tone,-2.7511
9/27/2020,Volume Intensity,0.0089,Average Tone,-3.4819
9/28/2020,Volume Intensity,0.0119,Average Tone,-4.4278
9/29/2020,Volume Intensity,0.0073,Average Tone,-3.461
9/30/2020,Volume Intensity,0.0286,Average Tone,-3.8554
10/1/2020,Volume Intensity,0.0193,Average Tone,-4.5204
10/2/2020,Volume Intensity,0.0107,Average Tone,-3.6283
10/3/2020,Volume Intensity,0.0063,Average Tone,-3.0899
10/4/2020,Volume Intensity,0.0057,Average Tone,-4.534
10/5/2020,Volume Intensity,0.0088,Average Tone,-2.3638
10/6/2020,Volume Intensity,0.0064,Average Tone,-4.5465
10/7/2020,Volume Intensity,0.0047,Average Tone,-3.6535
10/8/2020,Volume Intensity,0.0056,Average Tone,-3.3954
10/9/2020,Volume Intensity,0.04,Average Tone,-3.3875
10/10/2020,Volume Intensity,0.0054,Average Tone,-2.9931
10/11/2020,Volume Intensity,0.0057,Average Tone,-4.0055
10/12/2020,Volume Intensity,0.0093,Average Tone,-1.4742
10/13/2020,Volume Intensity,0.0072,Average Tone,-3.2522
10/14/2020,Volume Intensity,0.0047,Average Tone,-2.709
10/15/2020,Volume Intensity,0.0022,Average Tone,-2.7747
10/16/2020,Volume Intensity,0,Average Tone,0
10/17/2020,Volume Intensity,0.005,Average Tone,-3.2563
10/18/2020,Volume Intensity,0.0042,Average Tone,-3.3996
10/19/2020,Volume Intensity,0.0036,Average Tone,-3.0778
10/21/2020,Volume Intensity,0.0111,Average Tone,-3.4253
10/22/2020,Volume Intensity,0.0064,Average Tone,-3.674
10/23/2020,Volume Intensity,0.0042,Average Tone,-4.8801
10/24/2020,Volume Intensity,0.0086,Average Tone,-3.4809
10/25/2020,Volume Intensity,0.0078,Average Tone,-3.2303
10/26/2020,Volume Intensity,0.0048,Average Tone,-3.3959
10/27/2020,Volume Intensity,0.0063,Average Tone,-2.5747
10/28/2020,Volume Intensity,0.0057,Average Tone,-2.8396
10/29/2020,Volume Intensity,0.0037,Average Tone,-4.4869
10/30/2020,Volume Intensity,0.0261,Average Tone,-5.4906
10/31/2020,Volume Intensity,0.0057,Average Tone,-2.5846
11/1/2020,Volume Intensity,0.0077,Average Tone,-2.8525
11/2/2020,Volume Intensity,0.0051,Average Tone,-4.6261
11/3/2020,Volume Intensity,0.0035,Average Tone,-2.4915
11/4/2020,Volume Intensity,0.0024,Average Tone,-2.3619
11/5/2020,Volume Intensity,0.0033,Average Tone,-3.0093
11/6/2020,Volume Intensity,0.0027,Average Tone,-0.8237
11/7/2020,Volume Intensity,0.0025,Average Tone,-4.0431
11/8/2020,Volume Intensity,0,Average Tone,0
11/9/2020,Volume Intensity,0.0016,Average Tone,-3.1752
11/10/2020,Volume Intensity,0.0016,Average Tone,-4.8866
11/11/2020,Volume Intensity,0.0007,Average Tone,-4.2781
11/12/2020,Volume Intensity,0.0087,Average Tone,-2.5646
11/13/2020,Volume Intensity,0.0029,Average Tone,-2.2806
11/14/2020,Volume Intensity,0,Average Tone,0
11/15/2020,Volume Intensity,0.0073,Average Tone,-2.175
11/16/2020,Volume Intensity,0.0042,Average Tone,-2.8811
11/17/2020,Volume Intensity,0.0047,Average Tone,-3.0816
11/18/2020,Volume Intensity,0.004,Average Tone,-2.0158
11/19/2020,Volume Intensity,0.005,Average Tone,-3.6822
11/20/2020,Volume Intensity,0.0027,Average Tone,-2.0998
11/21/2020,Volume Intensity,0.0025,Average Tone,-5.7167
11/22/2020,Volume Intensity,0.004,Average Tone,-2.1513
11/23/2020,Volume Intensity,0.0029,Average Tone,-3.1109
11/24/2020,Volume Intensity,0.004,Average Tone,-3.5816
11/25/2020,Volume Intensity,0.0016,Average Tone,-4.0133
11/26/2020,Volume Intensity,0.003,Average Tone,-1.8781
11/27/2020,Volume Intensity,0.0026,Average Tone,-3.456
11/28/2020,Volume Intensity,0.0054,Average Tone,-2.6437
11/29/2020,Volume Intensity,0.0024,Average Tone,-3.5294
11/30/2020,Volume Intensity,0.005,Average Tone,-2.0196
12/1/2020,Volume Intensity,0.0063,Average Tone,-4.2673
12/2/2020,Volume Intensity,0.0073,Average Tone,-2.5414
12/3/2020,Volume Intensity,0.0085,Average Tone,-2.6202
12/4/2020,Volume Intensity,0.0038,Average Tone,-3.0789
12/5/2020,Volume Intensity,0.0037,Average Tone,-1.2647
12/6/2020,Volume Intensity,0.002,Average Tone,-4.1731
12/7/2020,Volume Intensity,0.004,Average Tone,-3.1647
12/8/2020,Volume Intensity,0.0023,Average Tone,-4.3209
12/9/2020,Volume Intensity,0.0026,Average Tone,-2.2734
12/10/2020,Volume Intensity,0.0027,Average Tone,-3.5298
12/11/2020,Volume Intensity,0.0035,Average Tone,-3.4388
12/12/2020,Volume Intensity,0.0018,Average Tone,-3.2799
12/13/2020,Volume Intensity,0.0029,Average Tone,-3.7955
12/14/2020,Volume Intensity,0.0018,Average Tone,-0.9846
12/15/2020,Volume Intensity,0.0023,Average Tone,-3.8622
12/16/2020,Volume Intensity,0.0028,Average Tone,-1.6618
12/17/2020,Volume Intensity,0.006,Average Tone,-2.644
12/18/2020,Volume Intensity,0.0103,Average Tone,-1.931
12/19/2020,Volume Intensity,0.0065,Average Tone,-2.2919
12/20/2020,Volume Intensity,0.0055,Average Tone,-3.959
12/21/2020,Volume Intensity,0.0029,Average Tone,-3.1965
12/22/2020,Volume Intensity,0.0042,Average Tone,-1.6391
12/23/2020,Volume Intensity,0.0073,Average Tone,-2.4708
12/24/2020,Volume Intensity,0.007,Average Tone,-3.6762
12/25/2020,Volume Intensity,0.0025,Average Tone,-2.6668
12/26/2020,Volume Intensity,0.0009,Average Tone,-4.2757
12/27/2020,Volume Intensity,0.0023,Average Tone,-1.4518
12/28/2020,Volume Intensity,0.0065,Average Tone,-3.8236
12/29/2020,Volume Intensity,0.0049,Average Tone,-2.9892
12/30/2020,Volume Intensity,0.0016,Average Tone,-4.052
12/31/2020,Volume Intensity,0.005,Average Tone,-3.1983
1/1/2021,Volume Intensity,0.0026,Average Tone,-2.8896
1/2/2021,Volume Intensity,0.0046,Average Tone,-2.4236
1/3/2021,Volume Intensity,0.0055,Average Tone,-1.6603
1/4/2021,Volume Intensity,0.0103,Average Tone,-2.2835
1/5/2021,Volume Intensity,0.0025,Average Tone,-4.0694
1/6/2021,Volume Intensity,0.0044,Average Tone,-3.8334
1/7/2021,Volume Intensity,0.0047,Average Tone,-1.4716
1/8/2021,Volume Intensity,0.0036,Average Tone,-3.5566
1/9/2021,Volume Intensity,0.005,Average Tone,-3.3397
1/10/2021,Volume Intensity,0.0026,Average Tone,-3.9999
1/11/2021,Volume Intensity,0.0047,Average Tone,-5.76
1/12/2021,Volume Intensity,0.0061,Average Tone,-4.477
1/13/2021,Volume Intensity,0.0032,Average Tone,-3.2052
1/14/2021,Volume Intensity,0.0037,Average Tone,-1.8706
1/15/2021,Volume Intensity,0.0048,Average Tone,-2.1414
1/16/2021,Volume Intensity,0.0053,Average Tone,-2.7828
1/17/2021,Volume Intensity,0.0034,Average Tone,-1.3312
1/18/2021,Volume Intensity,0.0029,Average Tone,-2.179
1/19/2021,Volume Intensity,0.0053,Average Tone,-2.3507
1/20/2021,Volume Intensity,0.0081,Average Tone,-3.4601
1/21/2021,Volume Intensity,0.0103,Average Tone,-3.4227
1/22/2021,Volume Intensity,0.0158,Average Tone,-3.7061
1/23/2021,Volume Intensity,0.0088,Average Tone,-3.4228
1/24/2021,Volume Intensity,0.0815,Average Tone,-4.3817
1/25/2021,Volume Intensity,0.0161,Average Tone,-4.0584
1/26/2021,Volume Intensity,0.011,Average Tone,-3.6081
1/27/2021,Volume Intensity,0.0068,Average Tone,-3.9378
1/28/2021,Volume Intensity,0.0087,Average Tone,-3.2367
1/29/2021,Volume Intensity,0.0065,Average Tone,-2.8429
1/30/2021,Volume Intensity,0.0034,Average Tone,-2.6655
1/31/2021,Volume Intensity,0.0076,Average Tone,-3.6171
2/1/2021,Volume Intensity,0.0045,Average Tone,-2.0158
2/2/2021,Volume Intensity,0.0076,Average Tone,-3.5432
2/3/2021,Volume Intensity,0.0099,Average Tone,-2.7726
2/4/2021,Volume Intensity,0.0084,Average Tone,-3.3963
2/5/2021,Volume Intensity,0.0095,Average Tone,-3.557
2/6/2021,Volume Intensity,0.0092,Average Tone,-4.1148
2/7/2021,Volume Intensity,0.0059,Average Tone,-2.9219
2/8/2021,Volume Intensity,0.0072,Average Tone,-3.2427
2/9/2021,Volume Intensity,0.0063,Average Tone,-3.2175
2/10/2021,Volume Intensity,0.0061,Average Tone,-3.1403
2/11/2021,Volume Intensity,0.0057,Average Tone,-2.6154
2/12/2021,Volume Intensity,0.0042,Average Tone,-2.4247
2/13/2021,Volume Intensity,0.0019,Average Tone,-2.8904
2/14/2021,Volume Intensity,0.0072,Average Tone,-3.241
2/15/2021,Volume Intensity,0.0068,Average Tone,-3.1663
2/16/2021,Volume Intensity,0.0046,Average Tone,-2.4116
2/17/2021,Volume Intensity,0.0072,Average Tone,-2.3384
2/18/2021,Volume Intensity,0.0068,Average Tone,-3.5651
2/19/2021,Volume Intensity,0.0088,Average Tone,-3.7332
2/20/2021,Volume Intensity,0.0111,Average Tone,-3.9913
2/21/2021,Volume Intensity,0.0056,Average Tone,-3.8632
2/22/2021,Volume Intensity,0.0087,Average Tone,-3.6982
2/23/2021,Volume Intensity,0.025,Average Tone,-3.5514
2/24/2021,Volume Intensity,0.0424,Average Tone,-3.2278
2/25/2021,Volume Intensity,0.0077,Average Tone,-3.3406
2/26/2021,Volume Intensity,0.0115,Average Tone,-3.6562
2/27/2021,Volume Intensity,0.0108,Average Tone,-3.9739
2/28/2021,Volume Intensity,0.0083,Average Tone,-2.2516
3/1/2021,Volume Intensity,0.0123,Average Tone,-3.0918
3/2/2021,Volume Intensity,0.0111,Average Tone,-3.6066
3/3/2021,Volume Intensity,0.0135,Average Tone,-4.8402
3/4/2021,Volume Intensity,0.0139,Average Tone,-4.1482
3/5/2021,Volume Intensity,0.0062,Average Tone,-2.2859
3/6/2021,Volume Intensity,0.0054,Average Tone,-2.6222
3/7/2021,Volume Intensity,0.0039,Average Tone,-3.5218
3/8/2021,Volume Intensity,0.0064,Average Tone,-2.5813
3/9/2021,Volume Intensity,0.0074,Average Tone,-2.4406
3/10/2021,Volume Intensity,0.0174,Average Tone,-2.0206
3/11/2021,Volume Intensity,0.0268,Average Tone,-2.3853
3/12/2021,Volume Intensity,0.0122,Average Tone,-4.1193
3/13/2021,Volume Intensity,0.0122,Average Tone,-3.2183
3/14/2021,Volume Intensity,0.0082,Average Tone,-3.4
3/15/2021,Volume Intensity,0.0066,Average Tone,-3.5171
3/16/2021,Volume Intensity,0.0103,Average Tone,-2.8029
3/17/2021,Volume Intensity,0.0249,Average Tone,-2.7653
3/18/2021,Volume Intensity,0.0257,Average Tone,-3.2182
3/19/2021,Volume Intensity,0.0138,Average Tone,-3.155
3/20/2021,Volume Intensity,0.0128,Average Tone,-4.0402
3/21/2021,Volume Intensity,0.0115,Average Tone,-3.9852
3/22/2021,Volume Intensity,0.0088,Average Tone,-3.3995
3/23/2021,Volume Intensity,0.0116,Average Tone,-3.3956
3/24/2021,Volume Intensity,0.0145,Average Tone,-3.5366
3/25/2021,Volume Intensity,0.016,Average Tone,-3.4964
3/26/2021,Volume Intensity,0.0128,Average Tone,-3.5965
3/27/2021,Volume Intensity,0.0365,Average Tone,-3.0253
3/28/2021,Volume Intensity,0.0123,Average Tone,-3.1939
3/29/2021,Volume Intensity,0.0128,Average Tone,-2.9782
3/30/2021,Volume Intensity,0.0137,Average Tone,-4.1222
3/31/2021,Volume Intensity,0.0102,Average Tone,-3.6926
4/1/2021,Volume Intensity,0.0122,Average Tone,-2.1843
4/2/2021,Volume Intensity,0.0194,Average Tone,-3.7748
4/3/2021,Volume Intensity,0.0137,Average Tone,-3.2485
4/4/2021,Volume Intensity,0.0085,Average Tone,-2.7118
4/5/2021,Volume Intensity,0.0094,Average Tone,-2.301
4/6/2021,Volume Intensity,0.0111,Average Tone,-2.5712
4/7/2021,Volume Intensity,0.0123,Average Tone,-3.7545
4/8/2021,Volume Intensity,0.0103,Average Tone,-3.2167
4/9/2021,Volume Intensity,0.0113,Average Tone,-3.7066
4/10/2021,Volume Intensity,0.0097,Average Tone,-3.4209
4/11/2021,Volume Intensity,0.0141,Average Tone,-2.3792
4/12/2021,Volume Intensity,0.0113,Average Tone,-2.4048
4/13/2021,Volume Intensity,0.0157,Average Tone,-2.5954
4/14/2021,Volume Intensity,0.019,Average Tone,-3.1496
4/15/2021,Volume Intensity,0.0132,Average Tone,-3.5713
4/16/2021,Volume Intensity,0.0123,Average Tone,-3.5648
4/17/2021,Volume Intensity,0.0177,Average Tone,-2.797
4/18/2021,Volume Intensity,0.0206,Average Tone,-2.5378
4/19/2021,Volume Intensity,0.0172,Average Tone,-3.3597
4/20/2021,Volume Intensity,0.0198,Average Tone,-3.1195
4/21/2021,Volume Intensity,0.023,Average Tone,-3.595
4/22/2021,Volume Intensity,0.0284,Average Tone,-3.8661
4/23/2021,Volume Intensity,0.0333,Average Tone,-3.9775
4/24/2021,Volume Intensity,0.0211,Average Tone,-1.5194
4/25/2021,Volume Intensity,0.0145,Average Tone,-3.0649
4/26/2021,Volume Intensity,0.0192,Average Tone,-3.6535
4/27/2021,Volume Intensity,0.031,Average Tone,-3.884
4/28/2021,Volume Intensity,0.0487,Average Tone,-3.6349
4/29/2021,Volume Intensity,0.0356,Average Tone,-3.4777
4/30/2021,Volume Intensity,0.0306,Average Tone,-3.0286
5/1/2021,Volume Intensity,0.0324,Average Tone,-3.6757
5/2/2021,Volume Intensity,0.0293,Average Tone,-3.4385
5/3/2021,Volume Intensity,0.0352,Average Tone,-3.1348
5/4/2021,Volume Intensity,0.057,Average Tone,-3.7655
5/5/2021,Volume Intensity,0.0698,Average Tone,-4.3406
5/6/2021,Volume Intensity,0.0771,Average Tone,-4.259
5/7/2021,Volume Intensity,0.0421,Average Tone,-3.2212
